check,kappa,time,maximum_absolute_matrix_difference,accepted
closed_form_vs_scipy_expm,0.0,0.0,0.0,True
closed_form_vs_scipy_expm,0.0,0.37,0.0,True
closed_form_vs_scipy_expm,0.0,1.2,0.0,True
closed_form_vs_scipy_expm,0.0,4.0,0.0,True
closed_form_vs_scipy_expm,2.0,0.0,0.0,True
closed_form_vs_scipy_expm,2.0,0.37,5.551115123125783e-17,True
closed_form_vs_scipy_expm,2.0,1.2,2.1094237467877974e-15,True
closed_form_vs_scipy_expm,2.0,4.0,0.0,True
closed_form_vs_scipy_expm,4.0,0.0,0.0,True
closed_form_vs_scipy_expm,4.0,0.37,1.1102230246251565e-16,True
closed_form_vs_scipy_expm,4.0,1.2,4.218847493575595e-15,True
closed_form_vs_scipy_expm,4.0,4.0,0.0,True
closed_form_vs_scipy_expm,8.0,0.0,0.0,True
closed_form_vs_scipy_expm,8.0,0.37,2.220446049250313e-16,True
closed_form_vs_scipy_expm,8.0,1.2,8.43769498715119e-15,True
closed_form_vs_scipy_expm,8.0,4.0,0.0,True
semigroup_property,0.0,0.8999999999999999,5.551115123125783e-17,True
semigroup_property,0.0,1.9000000000000001,0.0,True
semigroup_property,2.0,0.8999999999999999,1.1102230246251565e-16,True
semigroup_property,2.0,1.9000000000000001,5.551115123125783e-17,True
semigroup_property,4.0,0.8999999999999999,2.220446049250313e-16,True
semigroup_property,4.0,1.9000000000000001,1.1102230246251565e-16,True
semigroup_property,8.0,0.8999999999999999,4.440892098500626e-16,True
semigroup_property,8.0,1.9000000000000001,2.220446049250313e-16,True
zero_coupling_matches_normal_gain,0.0,,2.220446049250313e-16,True
