kappa,time,gain_2_norm,matched_normal_gain
0.0,0.0,1.0,1.0
0.0,0.01,0.9900498337491681,0.9900498337491681
0.0,0.02,0.9801986733067553,0.9801986733067553
0.0,0.03,0.9704455335485082,0.9704455335485082
0.0,0.04,0.960789439152323,0.960789439152323
0.0,0.05,0.9512294245007138,0.9512294245007138
0.0,0.06,0.9417645335842487,0.9417645335842487
0.0,0.07,0.9323938199059483,0.9323938199059483
0.0,0.08,0.9231163463866358,0.9231163463866358
0.0,0.09,0.9139311852712282,0.9139311852712282
0.0,0.1,0.9048374180359595,0.9048374180359595
0.0,0.11,0.8958341352965282,0.8958341352965282
0.0,0.12,0.8869204367171573,0.8869204367171573
0.0,0.13,0.8780954309205613,0.8780954309205613
0.0,0.14,0.8693582353988059,0.8693582353988059
0.0,0.15,0.8607079764250578,0.8607079764250578
0.0,0.16,0.8521437889662113,0.8521437889662113
0.0,0.17,0.8436648165963837,0.8436648165963837
0.0,0.18,0.835270211411272,0.835270211411272
0.0,0.19,0.8269591339433621,0.8269591339433621
0.0,0.2,0.8187307530779818,0.8187307530779818
0.0,0.21,0.8105842459701871,0.8105842459701871
0.0,0.22,0.8025187979624783,0.8025187979624783
0.0,0.23,0.794533602503334,0.794533602503334
0.0,0.24,0.7866278610665535,0.7866278610665535
0.0,0.25,0.7788007830714049,0.7788007830714049
0.0,0.26,0.7710515858035663,0.7710515858035663
0.0,0.27,0.7633794943368531,0.7633794943368531
0.0,0.28,0.7557837414557255,0.7557837414557255
0.0,0.29,0.7482635675785653,0.7482635675785653
0.0,0.3,0.7408182206817179,0.7408182206817179
0.0,0.31,0.7334469562242892,0.7334469562242892
0.0,0.32,0.7261490370736909,0.7261490370736909
0.0,0.33,0.7189237334319262,0.7189237334319262
0.0,0.34,0.7117703227626095,0.7117703227626095
0.0,0.35000000000000003,0.7046880897187134,0.7046880897187134
0.0,0.36,0.697676326071031,0.697676326071031
0.0,0.37,0.6907343306373547,0.6907343306373547
0.0,0.38,0.6838614092123558,0.6838614092123558
0.0,0.39,0.6770568744981647,0.6770568744981647
0.0,0.4,0.6703200460356393,0.6703200460356393
0.0,0.41000000000000003,0.6636502501363194,0.6636502501363194
0.0,0.42,0.6570468198150567,0.6570468198150567
0.0,0.43,0.6505090947233165,0.6505090947233165
0.0,0.44,0.6440364210831414,0.6440364210831414
0.0,0.45,0.6376281516217733,0.6376281516217733
0.0,0.46,0.631283645506926,0.631283645506926
0.0,0.47000000000000003,0.6250022682827008,0.6250022682827008
0.0,0.48,0.6187833918061408,0.6187833918061408
0.0,0.49,0.6126263941844161,0.6126263941844161
0.0,0.5,0.6065306597126334,0.6065306597126334
0.0,0.51,0.6004955788122659,0.6004955788122659
0.0,0.52,0.5945205479701944,0.5945205479701944
0.0,0.53,0.5886049696783552,0.5886049696783552
0.0,0.54,0.5827482523739896,0.5827482523739896
0.0,0.55,0.5769498103804866,0.5769498103804866
0.0,0.56,0.5712090638488149,0.5712090638488149
0.0,0.5700000000000001,0.5655254386995371,0.5655254386995371
0.0,0.58,0.559898366565402,0.559898366565402
0.0,0.59,0.5543272847345071,0.5543272847345071
0.0,0.6,0.5488116360940265,0.5488116360940265
0.0,0.61,0.5433508690744998,0.5433508690744998
0.0,0.62,0.5379444375946745,0.5379444375946745
0.0,0.63,0.5325918010068972,0.5325918010068972
0.0,0.64,0.5272924240430485,0.5272924240430485
0.0,0.65,0.522045776761016,0.522045776761016
0.0,0.66,0.5168513344916992,0.5168513344916992
0.0,0.67,0.5117085777865424,0.5117085777865424
0.0,0.68,0.5066169923655895,0.5066169923655895
0.0,0.6900000000000001,0.5015760690660555,0.5015760690660555
0.0,0.7000000000000001,0.49658530379140947,0.49658530379140947
0.0,0.71,0.4916441974609651,0.4916441974609651
0.0,0.72,0.4867522559599717,0.4867522559599717
0.0,0.73,0.48190899009020244,0.48190899009020244
0.0,0.74,0.4771139155210344,0.4771139155210344
0.0,0.75,0.4723665527410147,0.4723665527410147
0.0,0.76,0.46766642700990924,0.46766642700990924
0.0,0.77,0.46301306831122807,0.46301306831122807
0.0,0.78,0.4584060113052235,0.4584060113052235
0.0,0.79,0.45384479528235583,0.45384479528235583
0.0,0.8,0.44932896411722156,0.44932896411722156
0.0,0.81,0.4448580662229411,0.4448580662229411
0.0,0.8200000000000001,0.44043165450599925,0.44043165450599925
0.0,0.8300000000000001,0.43604928632153556,0.43604928632153556
0.0,0.84,0.43171052342907973,0.43171052342907973
0.0,0.85,0.4274149319487267,0.4274149319487267
0.0,0.86,0.4231620823177488,0.4231620823177488
0.0,0.87,0.418951549247639,0.418951549247639
0.0,0.88,0.4147829116815814,0.4147829116815814
0.0,0.89,0.4106557527523455,0.4106557527523455
0.0,0.9,0.4065696597405991,0.4065696597405991
0.0,0.91,0.40252422403363597,0.40252422403363597
0.0,0.92,0.39851904108451414,0.39851904108451414
0.0,0.93,0.3945537103716011,0.3945537103716011
0.0,0.9400000000000001,0.3906278353585211,0.3906278353585211
0.0,0.9500000000000001,0.3867410234545012,0.3867410234545012
0.0,0.96,0.38289288597511206,0.38289288597511206
0.0,0.97,0.37908303810339883,0.37908303810339883
0.0,0.98,0.37531109885139957,0.37531109885139957
0.0,0.99,0.3715766910220457,0.3715766910220457
0.0,1.0,0.36787944117144233,0.36787944117144233
0.0,1.01,0.3642189795715233,0.3642189795715233
0.0,1.02,0.3605949401730783,0.3605949401730783
0.0,1.03,0.3570069605691474,0.3570069605691474
0.0,1.04,0.35345468195878016,0.35345468195878016
0.0,1.05,0.3499377491111553,0.3499377491111553
0.0,1.06,0.3464558103300574,0.3464558103300574
0.0,1.07,0.34300851741870664,0.34300851741870664
0.0,1.08,0.3395955256449391,0.3395955256449391
0.0,1.09,0.33621649370673334,0.33621649370673334
0.0,1.1,0.33287108369807955,0.33287108369807955
0.0,1.11,0.32955896107518906,0.32955896107518906
0.0,1.12,0.32627979462303947,0.32627979462303947
0.0,1.1300000000000001,0.3230332564222529,0.3230332564222529
0.0,1.1400000000000001,0.3198190218163038,0.3198190218163038
0.0,1.1500000000000001,0.31663676937905316,0.31663676937905316
0.0,1.16,0.3134861808826053,0.3134861808826053
0.0,1.17,0.31036694126548503,0.31036694126548503
0.0,1.18,0.30727873860113125,0.30727873860113125
0.0,1.19,0.3042212640667041,0.3042212640667041
0.0,1.2,0.30119421191220214,0.30119421191220214
0.0,1.21,0.2981972794298874,0.2981972794298874
0.0,1.22,0.2952301669240142,0.2952301669240142
0.0,1.23,0.2922925776808594,0.2922925776808594
0.0,1.24,0.2893842179390506,0.2893842179390506
0.0,1.25,0.2865047968601901,0.2865047968601901
0.0,1.26,0.2836540264997704,0.2836540264997704
0.0,1.27,0.2808316217783798,0.2808316217783798
0.0,1.28,0.27803730045319414,0.27803730045319414
0.0,1.29,0.27527078308975234,0.27527078308975234
0.0,1.3,0.2725317930340126,0.2725317930340126
0.0,1.31,0.2698200563846868,0.2698200563846868
0.0,1.32,0.26713530196585034,0.26713530196585034
0.0,1.33,0.26447726129982396,0.26447726129982396
0.0,1.34,0.261845668580326,0.261845668580326
0.0,1.35,0.2592402606458915,0.2592402606458915
0.0,1.36,0.2566607769535559,0.2566607769535559
0.0,1.37,0.25410695955280027,0.25410695955280027
0.0,1.3800000000000001,0.25157855305975646,0.25157855305975646
0.0,1.3900000000000001,0.24907530463166816,0.24907530463166816
0.0,1.4000000000000001,0.24659696394160643,0.24659696394160643
0.0,1.41,0.2441432831534371,0.2441432831534371
0.0,1.42,0.24171401689703645,0.24171401689703645
0.0,1.43,0.23930892224375455,0.23930892224375455
0.0,1.44,0.23692775868212176,0.23692775868212176
0.0,1.45,0.23457028809379765,0.23457028809379765
0.0,1.46,0.23223627472975883,0.23223627472975883
0.0,1.47,0.22992548518672384,0.22992548518672384
0.0,1.48,0.22763768838381274,0.22763768838381274
0.0,1.49,0.22537265553943872,0.22537265553943872
0.0,1.5,0.22313016014842982,0.22313016014842982
0.0,1.51,0.2209099779593782,0.2209099779593782
0.0,1.52,0.21871188695221475,0.21871188695221475
0.0,1.53,0.21653566731600707,0.21653566731600707
0.0,1.54,0.21438110142697794,0.21438110142697794
0.0,1.55,0.21224797382674304,0.21224797382674304
0.0,1.56,0.21013607120076472,0.21013607120076472
0.0,1.57,0.20804518235702046,0.20804518235702046
0.0,1.58,0.20597509820488344,0.20597509820488344
0.0,1.59,0.20392561173421342,0.20392561173421342
0.0,1.6,0.20189651799465538,0.20189651799465538
0.0,1.61,0.1998876140751445,0.1998876140751445
0.0,1.62,0.19789869908361465,0.19789869908361465
0.0,1.6300000000000001,0.19592957412690934,0.19592957412690934
0.0,1.6400000000000001,0.19398004229089189,0.19398004229089189
0.0,1.6500000000000001,0.19204990862075408,0.19204990862075408
0.0,1.6600000000000001,0.1901389801015205,0.1901389801015205
0.0,1.67,0.1882470656387468,0.1882470656387468
0.0,1.68,0.18637397603940997,0.18637397603940997
0.0,1.69,0.18451952399298926,0.18451952399298926
0.0,1.7,0.18268352405273466,0.18268352405273466
0.0,1.71,0.1808657926171221,0.1808657926171221
0.0,1.72,0.17906614791149322,0.17906614791149322
0.0,1.73,0.17728440996987782,0.17728440996987782
0.0,1.74,0.17552040061699686,0.17552040061699686
0.0,1.75,0.17377394345044514,0.17377394345044514
0.0,1.76,0.17204486382305054,0.17204486382305054
0.0,1.77,0.17033298882540943,0.17033298882540943
0.0,1.78,0.1686381472685955,0.1686381472685955
0.0,1.79,0.1669601696670407,0.1669601696670407
0.0,1.8,0.16529888822158653,0.16529888822158653
0.0,1.81,0.16365413680270405,0.16365413680270405
0.0,1.82,0.16202575093388075,0.16202575093388075
0.0,1.83,0.16041356777517274,0.16041356777517274
0.0,1.84,0.15881742610692068,0.15881742610692068
0.0,1.85,0.1572371663136276,0.1572371663136276
0.0,1.86,0.1556726303679973,0.1556726303679973
0.0,1.87,0.1541236618151314,0.1541236618151314
0.0,1.8800000000000001,0.15259010575688386,0.15259010575688386
0.0,1.8900000000000001,0.15107180883637084,0.15107180883637084
0.0,1.9000000000000001,0.14956861922263504,0.14956861922263504
0.0,1.9100000000000001,0.14808038659546244,0.14808038659546244
0.0,1.92,0.14660696213035015,0.14660696213035015
0.0,1.93,0.14514819848362373,0.14514819848362373
0.0,1.94,0.14370394977770293,0.14370394977770293
0.0,1.95,0.1422740715865136,0.1422740715865136
0.0,1.96,0.140858420921045,0.140858420921045
0.0,1.97,0.13945685621505094,0.13945685621505094
0.0,1.98,0.13806923731089282,0.13806923731089282
0.0,1.99,0.13669542544552385,0.13669542544552385
0.0,2.0,0.1353352832366127,0.1353352832366127
0.0,2.0100000000000002,0.13398867466880493,0.13398867466880493
0.0,2.02,0.13265546508012172,0.13265546508012172
0.0,2.0300000000000002,0.13133552114849303,0.13133552114849303
0.0,2.04,0.1300287108784259,0.1300287108784259
0.0,2.05,0.12873490358780423,0.12873490358780423
0.0,2.06,0.12745396989482075,0.12745396989482075
0.0,2.07,0.12618578170503877,0.12618578170503877
0.0,2.08,0.12493021219858241,0.12493021219858241
0.0,2.09,0.12368713581745483,0.12368713581745483
0.0,2.1,0.1224564282529819,0.1224564282529819
0.0,2.11,0.12123796643338168,0.12123796643338168
0.0,2.12,0.12003162851145673,0.12003162851145673
0.0,2.13,0.11883729385240965,0.11883729385240965
0.0,2.14,0.11765484302177918,0.11765484302177918
0.0,2.15,0.11648415777349697,0.11648415777349697
0.0,2.16,0.11532512103806251,0.11532512103806251
0.0,2.17,0.1141776169108365,0.1141776169108365
0.0,2.18,0.11304153064044985,0.11304153064044985
0.0,2.19,0.11191674861732888,0.11191674861732888
0.0,2.2,0.11080315836233387,0.11080315836233387
0.0,2.21,0.10970064851551141,0.10970064851551141
0.0,2.22,0.10860910882495796,0.10860910882495796
0.0,2.23,0.10752843013579495,0.10752843013579495
0.0,2.24,0.1064585043792528,0.1064585043792528
0.0,2.25,0.10539922456186433,0.10539922456186433
0.0,2.2600000000000002,0.104350484754765,0.104350484754765
0.0,2.27,0.1033121800831002,0.1033121800831002
0.0,2.2800000000000002,0.10228420671553744,0.10228420671553744
0.0,2.29,0.1012664618538834,0.1012664618538834
0.0,2.3000000000000003,0.1002588437228037,0.1002588437228037
0.0,2.31,0.09926125155964566,0.09926125155964566
0.0,2.32,0.09827358560436154,0.09827358560436154
0.0,2.33,0.09729574708953276,0.09729574708953276
0.0,2.34,0.09632763823049303,0.09632763823049303
0.0,2.35,0.09536916221554961,0.09536916221554961
0.0,2.36,0.09442022319630235,0.09442022319630235
0.0,2.37,0.09348072627805847,0.09348072627805847
0.0,2.38,0.09255057751034329,0.09255057751034329
0.0,2.39,0.09162968387750484,0.09162968387750484
0.0,2.4,0.09071795328941251,0.09071795328941251
0.0,2.41,0.08981529457224763,0.08981529457224763
0.0,2.42,0.08892161745938634,0.08892161745938634
0.0,2.43,0.08803683258237255,0.08803683258237255
0.0,2.44,0.0871608514619813,0.0871608514619813
0.0,2.45,0.0862935864993705,0.0862935864993705
0.0,2.46,0.08543495096732123,0.08543495096732123
0.0,2.47,0.08458485900156469,0.08458485900156469
0.0,2.48,0.08374322559219596,0.08374322559219596
0.0,2.49,0.08290996657517266,0.08290996657517266
0.0,2.5,0.0820849986238988,0.0820849986238988
0.0,2.5100000000000002,0.08126823924089167,0.08126823924089167
0.0,2.52,0.08045960674953244,0.08045960674953244
0.0,2.5300000000000002,0.07965902028589801,0.07965902028589801
0.0,2.54,0.07886639979067495,0.07886639979067495
0.0,2.5500000000000003,0.07808166600115313,0.07808166600115313
0.0,2.56,0.07730474044329974,0.07730474044329974
0.0,2.57,0.07653554542391151,0.07653554542391151
0.0,2.58,0.07577400402284548,0.07577400402284548
0.0,2.59,0.07502004008532698,0.07502004008532698
0.0,2.6,0.07427357821433388,0.07427357821433388
0.0,2.61,0.0735345437630571,0.0735345437630571
0.0,2.62,0.07280286282743559,0.07280286282743559
0.0,2.63,0.0720784622387661,0.0720784622387661
0.0,2.64,0.07136126955638605,0.07136126955638605
0.0,2.65,0.0706512130604296,0.0706512130604296
0.0,2.66,0.06994822174465536,0.06994822174465536
0.0,2.67,0.069252225309346,0.069252225309346
0.0,2.68,0.06856315415427791,0.06856315415427791
0.0,2.69,0.06788093937176144,0.06788093937176144
0.0,2.7,0.06720551273974976,0.06720551273974976
0.0,2.71,0.06653680671501686,0.06653680671501686
0.0,2.72,0.06587475442640295,0.06587475442640295
0.0,2.73,0.06521928966812753,0.06521928966812753
0.0,2.74,0.06457034689316847,0.06457034689316847
0.0,2.75,0.06392786120670757,0.06392786120670757
0.0,2.7600000000000002,0.0632917683596407,0.0632917683596407
0.0,2.77,0.06266200474215315,0.06266200474215315
0.0,2.7800000000000002,0.06203850737735829,0.06203850737735829
0.0,2.79,0.06142121391500013,0.06142121391500013
0.0,2.8000000000000003,0.06081006262521795,0.06081006262521795
0.0,2.81,0.06020499239237354,0.06020499239237354
0.0,2.82,0.05960594270893937,0.05960594270893937
0.0,2.83,0.05901285366944784,0.05901285366944784
0.0,2.84,0.05842566596450083,0.05842566596450083
0.0,2.85,0.057844320874838456,0.057844320874838456
0.0,2.86,0.05726876026546736,0.05726876026546736
0.0,2.87,0.0566989265798469,0.0566989265798469
0.0,2.88,0.056134762834133725,0.056134762834133725
0.0,2.89,0.05557621261148306,0.05557621261148306
0.0,2.9,0.05502322005640723,0.05502322005640723
0.0,2.91,0.05447572986918986,0.05447572986918986
0.0,2.92,0.05393368730035602,0.05393368730035602
0.0,2.93,0.053397038145197084,0.053397038145197084
0.0,2.94,0.05286572873835037,0.05286572873835037
0.0,2.95,0.05233970594843238,0.05233970594843238
0.0,2.96,0.05181891717272583,0.05181891717272583
0.0,2.97,0.05130331033191911,0.05130331033191911
0.0,2.98,0.0507928338648985,0.0507928338648985
0.0,2.99,0.050287436723591865,0.050287436723591865
0.0,3.0,0.049787068367863944,0.049787068367863944
0.0,3.0100000000000002,0.04929167876046215,0.04929167876046215
0.0,3.02,0.04880121836201296,0.04880121836201296
0.0,3.0300000000000002,0.04831563812606777,0.04831563812606777
0.0,3.04,0.04783488949419837,0.04783488949419837
0.0,3.0500000000000003,0.04735892439114091,0.04735892439114091
0.0,3.06,0.046887695219988486,0.046887695219988486
0.0,3.0700000000000003,0.04642115485743125,0.04642115485743125
0.0,3.08,0.045959256649044204,0.045959256649044204
0.0,3.09,0.04550195440462157,0.04550195440462157
0.0,3.1,0.0450492023935578,0.0450492023935578
0.0,3.11,0.044600955340274535,0.044600955340274535
0.0,3.12,0.04415716841969286,0.04415716841969286
0.0,3.13,0.04371779725275094,0.04371779725275094
0.0,3.14,0.043282797901965896,0.043282797901965896
0.0,3.15,0.04285212686704019,0.04285212686704019
0.0,3.16,0.042425741080511385,0.042425741080511385
0.0,3.17,0.04200359790344555,0.04200359790344555
0.0,3.18,0.04158565512117316,0.04158565512117316
0.0,3.19,0.04117187093906774,0.04117187093906774
0.0,3.2,0.04076220397836621,0.04076220397836621
0.0,3.21,0.04035661327203115,0.04035661327203115
0.0,3.22,0.039955058260653896,0.039955058260653896
0.0,3.23,0.039557498788398725,0.039557498788398725
0.0,3.24,0.039163895098987066,0.039163895098987066
0.0,3.25,0.03877420783172201,0.03877420783172201
0.0,3.2600000000000002,0.038388398017552054,0.038388398017552054
0.0,3.27,0.038006427075174314,0.038006427075174314
0.0,3.2800000000000002,0.0376282568071762,0.0376282568071762
0.0,3.29,0.03725384939621581,0.03725384939621581
0.0,3.3000000000000003,0.036883167401239994,0.036883167401239994
0.0,3.31,0.0365161737537404,0.0365161737537404
0.0,3.3200000000000003,0.03615283175404641,0.03615283175404641
0.0,3.33,0.0357931050676553,0.0357931050676553
0.0,3.34,0.03543695772159864,0.03543695772159864
0.0,3.35,0.035084354100845025,0.035084354100845025
0.0,3.36,0.03473525894473856,0.03473525894473856
0.0,3.37,0.03438963734347271,0.03438963734347271
0.0,3.38,0.034047454734599344,0.034047454734599344
0.0,3.39,0.033708676899572396,0.033708676899572396
0.0,3.4,0.03337326996032608,0.03337326996032608
0.0,3.41,0.03304120037588693,0.03304120037588693
0.0,3.42,0.03271243493901982,0.03271243493901982
0.0,3.43,0.03238694077290704,0.03238694077290704
0.0,3.44,0.03206468532786077,0.03206468532786077
0.0,3.45,0.03174563637806794,0.03174563637806794
0.0,3.46,0.03142976201836771,0.03142976201836771
0.0,3.47,0.03111703066106086,0.03111703066106086
0.0,3.48,0.030807411032751076,0.030807411032751076
0.0,3.49,0.030500872171217483,0.030500872171217483
0.0,3.5,0.0301973834223185,0.0301973834223185
0.0,3.5100000000000002,0.029896914436926308,0.029896914436926308
0.0,3.52,0.029599435167892,0.029599435167892
0.0,3.5300000000000002,0.029304915867040746,0.029304915867040746
0.0,3.54,0.029013327082197053,0.029013327082197053
0.0,3.5500000000000003,0.028724639654239423,0.028724639654239423
0.0,3.56,0.028438824714184505,0.028438824714184505
0.0,3.5700000000000003,0.028155853680300096,0.028155853680300096
0.0,3.58,0.027875698255247015,0.027875698255247015
0.0,3.59,0.027598330423249287,0.027598330423249287
0.0,3.6,0.02732372244729256,0.02732372244729256
0.0,3.61,0.027051846866350416,0.027051846866350416
0.0,3.62,0.026782676492638175,0.026782676492638175
0.0,3.63,0.02651618440889418,0.02651618440889418
0.0,3.64,0.02625234396568796,0.02625234396568796
0.0,3.65,0.025991128778755347,0.025991128778755347
0.0,3.66,0.02573251272635994,0.02573251272635994
0.0,3.67,0.025476469946681016,0.025476469946681016
0.0,3.68,0.025222974835227212,0.025222974835227212
0.0,3.69,0.024972002042276155,0.024972002042276155
0.0,3.7,0.024723526470339388,0.024723526470339388
0.0,3.71,0.02447752327165267,0.02447752327165267
0.0,3.72,0.024233967845691113,0.024233967845691113
0.0,3.73,0.023992835836709175,0.023992835836709175
0.0,3.74,0.023754103131304997,0.023754103131304997
0.0,3.75,0.023517745856009107,0.023517745856009107
0.0,3.7600000000000002,0.023283740374897,0.023283740374897
0.0,3.77,0.02305206328722557,0.02305206328722557
0.0,3.7800000000000002,0.02282269142509297,0.02282269142509297
0.0,3.79,0.022595601851121864,0.022595601851121864
0.0,3.8000000000000003,0.02237077185616559,0.02237077185616559
0.0,3.81,0.022148178957037315,0.022148178957037315
0.0,3.8200000000000003,0.02192780089426161,0.02192780089426161
0.0,3.83,0.02170961562984857,0.02170961562984857
0.0,3.84,0.021493601345089923,0.021493601345089923
0.0,3.85,0.02127973643837717,0.02127973643837717
0.0,3.86,0.021067999523041434,0.021067999523041434
0.0,3.87,0.02085836942521472,0.02085836942521472
0.0,3.88,0.020650825181712566,0.020650825181712566
0.0,3.89,0.020445346037937653,0.020445346037937653
0.0,3.9,0.02024191144580439,0.02024191144580439
0.0,3.91,0.020040501061684014,0.020040501061684014
0.0,3.92,0.019841094744370288,0.019841094744370288
0.0,3.93,0.019643672553065292,0.019643672553065292
0.0,3.94,0.01944821474538539,0.01944821474538539
0.0,3.95,0.01925470177538692,0.01925470177538692
0.0,3.96,0.019063114291611637,0.019063114291611637
0.0,3.97,0.018873433135151486,0.018873433135151486
0.0,3.98,0.018685639337732773,0.018685639337732773
0.0,3.99,0.018499714119819242,0.018499714119819242
0.0,4.0,0.01831563888873418,0.01831563888873418
2.0,0.0,1.0,1.0
2.0,0.01,0.996187439891656,0.9900498337491681
2.0,0.02,0.992388306178445,0.9801986733067553
2.0,0.03,0.9886014523609172,0.9704455335485082
2.0,0.04,0.984825751329133,0.960789439152323
2.0,0.05,0.9810600963806909,0.9512294245007138
2.0,0.06,0.9773034022138501,0.9417645335842487
2.0,0.07,0.9735546058924118,0.9323938199059483
2.0,0.08,0.9698126677791538,0.9231163463866358
2.0,0.09,0.9660765724347344,0.9139311852712282
2.0,0.1,0.9623453294791386,0.9048374180359595
2.0,0.11,0.9586179744129116,0.8958341352965282
2.0,0.12,0.9548935693955961,0.8869204367171573
2.0,0.13,0.9511712039789962,0.8780954309205613
2.0,0.14,0.9474499957930897,0.8693582353988059
2.0,0.15,0.943729091182636,0.8607079764250578
2.0,0.16,0.9400076657927465,0.8521437889662113
2.0,0.17,0.9362849251019184,0.8436648165963837
2.0,0.18,0.9325601049012712,0.835270211411272
2.0,0.19,0.9288324717189663,0.8269591339433621
2.0,0.2,0.9251013231890275,0.8187307530779818
2.0,0.21,0.9213659883640245,0.8105842459701871
2.0,0.22,0.9176258279713178,0.8025187979624783
2.0,0.23,0.9138802346128029,0.794533602503334
2.0,0.24,0.9101286329083103,0.7866278610665535
2.0,0.25,0.9063704795830544,0.7788007830714049
2.0,0.26,0.9026052634997274,0.7710515858035663
2.0,0.27,0.898832505636043,0.7633794943368531
2.0,0.28,0.895051759008731,0.7557837414557255
2.0,0.29,0.8912626085451663,0.7482635675785653
2.0,0.3,0.8874646709039806,0.7408182206817179
2.0,0.31,0.8836575942461781,0.7334469562242892
2.0,0.32,0.8798410579584011,0.7261490370736909
2.0,0.33,0.8760147723301405,0.7189237334319262
2.0,0.34,0.8721784781867948,0.7117703227626095
2.0,0.35000000000000003,0.8683319464805839,0.7046880897187134
2.0,0.36,0.8644749778414116,0.697676326071031
2.0,0.37,0.8606074020898599,0.6907343306373547
2.0,0.38,0.8567290777145301,0.6838614092123558
2.0,0.39,0.8528398913160313,0.6770568744981647
2.0,0.4,0.8489397570199128,0.6703200460356393
2.0,0.41000000000000003,0.845028615860891,0.6636502501363194
2.0,0.42,0.8411064351407104,0.6570468198150567
2.0,0.43,0.8371732077619908,0.6505090947233165
2.0,0.44,0.8332289515403845,0.6440364210831414
2.0,0.45,0.8292737084973653,0.6376281516217733
2.0,0.46,0.8253075441359229,0.631283645506926
2.0,0.47000000000000003,0.8213305467014032,0.6250022682827008
2.0,0.48,0.8173428264296848,0.6187833918061408
2.0,0.49,0.8133445147848306,0.6126263941844161
2.0,0.5,0.8093357636882842,0.6065306597126334
2.0,0.51,0.805316744741624,0.6004955788122659
2.0,0.52,0.8012876484448049,0.5945205479701944
2.0,0.53,0.7972486834117484,0.5886049696783552
2.0,0.54,0.7932000755850639,0.5827482523739896
2.0,0.55,0.7891420674515912,0.5769498103804866
2.0,0.56,0.785074917260384,0.5712090638488149
2.0,0.5700000000000001,0.7809988982446531,0.5655254386995371
2.0,0.58,0.7769142978491159,0.559898366565402
2.0,0.59,0.7728214169640973,0.5543272847345071
2.0,0.6,0.7687205691676486,0.5488116360940265
2.0,0.61,0.764612079976861,0.5433508690744998
2.0,0.62,0.7604962861094607,0.5379444375946745
2.0,0.63,0.7563735347566956,0.5325918010068972
2.0,0.64,0.7522441828684283,0.5272924240430485
2.0,0.65,0.7481085964512817,0.522045776761016
2.0,0.66,0.7439671498805902,0.5168513344916992
2.0,0.67,0.7398202252268437,0.5117085777865424
2.0,0.68,0.7356682115972297,0.5066169923655895
2.0,0.6900000000000001,0.7315115044928093,0.5015760690660555
2.0,0.7000000000000001,0.7273505051817919,0.49658530379140947
2.0,0.71,0.7231856200893094,0.4916441974609651
2.0,0.72,0.7190172602040258,0.4867522559599717
2.0,0.73,0.7148458405018561,0.48190899009020244
2.0,0.74,0.7106717793870128,0.4771139155210344
2.0,0.75,0.7064954981505471,0.4723665527410147
2.0,0.76,0.7023174204464905,0.46766642700990924
2.0,0.77,0.6981379717856692,0.46301306831122807
2.0,0.78,0.693957579047203,0.4584060113052235
2.0,0.79,0.6897766700076721,0.45384479528235583
2.0,0.8,0.6855956728878844,0.44932896411722156
2.0,0.81,0.6814150159171487,0.4448580662229411
2.0,0.8200000000000001,0.6772351269149183,0.44043165450599925
2.0,0.8300000000000001,0.6730564328896442,0.43604928632153556
2.0,0.84,0.6688793596546457,0.43171052342907973
2.0,0.85,0.6647043314607783,0.4274149319487267
2.0,0.86,0.6605317706456638,0.4231620823177488
2.0,0.87,0.6563620972992145,0.418951549247639
2.0,0.88,0.6521957289451721,0.4147829116815814
2.0,0.89,0.648033080238368,0.4106557527523455
2.0,0.9,0.6438745626773832,0.4065696597405991
2.0,0.91,0.6397205843322913,0.40252422403363597
2.0,0.92,0.6355715495871409,0.39851904108451414
2.0,0.93,0.6314278588968321,0.3945537103716011
2.0,0.9400000000000001,0.6272899085580359,0.3906278353585211
2.0,0.9500000000000001,0.6231580904937901,0.3867410234545012
2.0,0.96,0.6190327920514088,0.38289288597511206
2.0,0.97,0.6149143958133344,0.37908303810339883
2.0,0.98,0.6108032794205592,0.37531109885139957
2.0,0.99,0.6066998154082407,0.3715766910220457
2.0,1.0,0.60260437105314,0.36787944117144233
2.0,1.01,0.5985173082325034,0.3642189795715233
2.0,1.02,0.5944389832940168,0.3605949401730783
2.0,1.03,0.590369746936464,0.3570069605691474
2.0,1.04,0.5863099441007166,0.35345468195878016
2.0,1.05,0.5822599138706913,0.3499377491111553
2.0,1.06,0.5782199893839203,0.3464558103300574
2.0,1.07,0.5741904977513673,0.34300851741870664
2.0,1.08,0.5701717599861503,0.3395955256449391
2.0,1.09,0.5661640909408188,0.33621649370673334
2.0,1.1,0.5621677992528458,0.33287108369807955
2.0,1.11,0.5581831872980074,0.32955896107518906
2.0,1.12,0.5542105511513168,0.32627979462303947
2.0,1.1300000000000001,0.5502501805551975,0.3230332564222529
2.0,1.1400000000000001,0.5463023588945798,0.3198190218163038
2.0,1.1500000000000001,0.5423673631786193,0.31663676937905316
2.0,1.16,0.5384454640287339,0.3134861808826053
2.0,1.17,0.5345369256726739,0.31036694126548503
2.0,1.18,0.5306420059443386,0.30727873860113125
2.0,1.19,0.5267609562890647,0.3042212640667041
2.0,1.2,0.5228940217741196,0.30119421191220214
2.0,1.21,0.5190414411041365,0.2981972794298874
2.0,1.22,0.515203446641244,0.2952301669240142
2.0,1.23,0.511380264429638,0.2922925776808594
2.0,1.24,0.5075721142243645,0.2893842179390506
2.0,1.25,0.50377920952408,0.2865047968601901
2.0,1.26,0.5000017576075673,0.2836540264997704
2.0,1.27,0.496239959573793,0.2808316217783798
2.0,1.28,0.49249401038529694,0.27803730045319414
2.0,1.29,0.4887640989147128,0.27527078308975234
2.0,1.3,0.48505040799422744,0.2725317930340126
2.0,1.31,0.4813531144677911,0.2698200563846868
2.0,1.32,0.47767238924589767,0.26713530196585034
2.0,1.33,0.47400839736276257,0.26447726129982396
2.0,1.34,0.4703612980357312,0.261845668580326
2.0,1.35,0.46673124472675676,0.2592402606458915
2.0,1.36,0.463118385205793,0.2566607769535559
2.0,1.37,0.4595228616159549,0.25410695955280027
2.0,1.3800000000000001,0.4559448105403022,0.25157855305975646
2.0,1.3900000000000001,0.4523843630701132,0.24907530463166816
2.0,1.4000000000000001,0.4488416448745122,0.24659696394160643
2.0,1.41,0.44531677627133304,0.2441432831534371
2.0,1.42,0.4418098722990883,0.24171401689703645
2.0,1.43,0.43832104278994016,0.23930892224375455
2.0,1.44,0.4348503924435537,0.23692775868212176
2.0,1.45,0.4313980209017335,0.23457028809379765
2.0,1.46,0.4279640228237404,0.23223627472975883
2.0,1.47,0.4245484879621927,0.22992548518672384
2.0,1.48,0.4211515012394625,0.22763768838381274
2.0,1.49,0.41777314282447775,0.22537265553943872
2.0,1.5,0.41441348820984775,0.22313016014842982
2.0,1.51,0.4110726082892345,0.2209099779593782
2.0,1.52,0.40775056943489285,0.21871188695221475
2.0,1.53,0.40444743357531077,0.21653566731600707
2.0,1.54,0.40116325827287824,0.21438110142697794
2.0,1.55,0.39789809680152555,0.21224797382674304
2.0,1.56,0.3946519982242658,0.21013607120076472
2.0,1.57,0.39142500747058667,0.20804518235702046
2.0,1.58,0.3882171654136361,0.20597509820488344
2.0,1.59,0.38502850894715096,0.20392561173421342
2.0,1.6,0.38185907106207906,0.20189651799465538
2.0,1.61,0.378708880922851,0.1998876140751445
2.0,1.62,0.37557796394325565,0.19789869908361465
2.0,1.6300000000000001,0.3724663418618825,0.19592957412690934
2.0,1.6400000000000001,0.36937403281708925,0.19398004229089189
2.0,1.6500000000000001,0.36630105142146135,0.19204990862075408
2.0,1.6600000000000001,0.3632474088357308,0.1901389801015205
2.0,1.67,0.360213112842119,0.1882470656387468
2.0,1.68,0.3571981679170797,0.18637397603940997
2.0,1.69,0.35420257530341204,0.18451952399298926
2.0,1.7,0.35122633308171897,0.18268352405273466
2.0,1.71,0.3482694362411872,0.1808657926171221
2.0,1.72,0.34533187674967003,0.17906614791149322
2.0,1.73,0.3424136436230489,0.17728440996987782
2.0,1.74,0.33951472299385915,0.17552040061699686
2.0,1.75,0.3366350981791612,0.17377394345044514
2.0,1.76,0.33377474974764276,0.17204486382305054
2.0,1.77,0.33093365558593846,0.17033298882540943
2.0,1.78,0.3281117909641535,0.1686381472685955
2.0,1.79,0.3253091286005816,0.1669601696670407
2.0,1.8,0.3225256387256058,0.16529888822158653
2.0,1.81,0.31976128914477453,0.16365413680270405
2.0,1.82,0.3170160453010449,0.16202575093388075
2.0,1.83,0.3142898703361859,0.16041356777517274
2.0,1.84,0.3115827251513374,0.15881742610692068
2.0,1.85,0.30889456846671914,0.1572371663136276
2.0,1.86,0.3062253568804853,0.1556726303679973
2.0,1.87,0.303575044926725,0.1541236618151314
2.0,1.8800000000000001,0.3009435851326022,0.15259010575688386
2.0,1.8900000000000001,0.2983309280746369,0.15107180883637084
2.0,1.9000000000000001,0.2957370224341266,0.14956861922263504
2.0,1.9100000000000001,0.29316181505170685,0.14808038659546244
2.0,1.92,0.29060525098105305,0.14660696213035015
2.0,1.93,0.28806727354172407,0.14514819848362373
2.0,1.94,0.2855478243711509,0.14370394977770293
2.0,1.95,0.2830468434757713,0.1422740715865136
2.0,1.96,0.28056426928131406,0.140858420921045
2.0,1.97,0.27810003868223787,0.13945685621505094
2.0,1.98,0.2756540870903266,0.13806923731089282
2.0,1.99,0.2732263484824471,0.13669542544552385
2.0,2.0,0.2708167554474735,0.1353352832366127
2.0,2.0100000000000002,0.26842523923238387,0.13398867466880493
2.0,2.02,0.26605172978753505,0.13265546508012172
2.0,2.0300000000000002,0.26369615581111955,0.13133552114849303
2.0,2.04,0.261358444792815,0.1300287108784259
2.0,2.05,0.2590385230566274,0.12873490358780423
2.0,2.06,0.2567363158029395,0.12745396989482075
2.0,2.07,0.25445174714976937,0.12618578170503877
2.0,2.08,0.2521847401732456,0.12493021219858241
2.0,2.09,0.24993521694730939,0.12368713581745483
2.0,2.1,0.2477030985826476,0.1224564282529819
2.0,2.11,0.24548830526486884,0.12123796643338168
2.0,2.12,0.2432907562919261,0.12003162851145673
2.0,2.13,0.2411103701107987,0.11883729385240965
2.0,2.14,0.23894706435343727,0.11765484302177918
2.0,2.15,0.23680075587198515,0.11648415777349697
2.0,2.16,0.23467136077327955,0.11532512103806251
2.0,2.17,0.23255879445264618,0.1141776169108365
2.0,2.18,0.23046297162699117,0.11304153064044985
2.0,2.19,0.22838380636720423,0.11191674861732888
2.0,2.2,0.226321212129877,0.11080315836233387
2.0,2.21,0.2242751017883488,0.10970064851551141
2.0,2.22,0.22224538766308768,0.10860910882495796
2.0,2.23,0.2202319815514156,0.10752843013579495
2.0,2.24,0.21823479475658686,0.1064585043792528
2.0,2.25,0.21625373811622886,0.10539922456186433
2.0,2.2600000000000002,0.21428872203015464,0.104350484754765
2.0,2.27,0.2123396564875555,0.1033121800831002
2.0,2.2800000000000002,0.2104064510935828,0.10228420671553744
2.0,2.29,0.2084890150953293,0.1012664618538834
2.0,2.3000000000000003,0.2065872574072165,0.1002588437228037
2.0,2.31,0.20470108663579997,0.09926125155964566
2.0,2.32,0.202830411103999,0.09827358560436154
2.0,2.33,0.2009751388747611,0.09729574708953276
2.0,2.34,0.19913517777416984,0.09632763823049303
2.0,2.35,0.19731043541400414,0.09536916221554961
2.0,2.36,0.1955008192137593,0.09442022319630235
2.0,2.37,0.1937062364221368,0.09348072627805847
2.0,2.38,0.1919265941380129,0.09255057751034329
2.0,2.39,0.19016179933089378,0.09162968387750484
2.0,2.4,0.1884117588608664,0.09071795328941251
2.0,2.41,0.18667637949805307,0.08981529457224763
2.0,2.42,0.18495556794157852,0.08892161745938634
2.0,2.43,0.1832492308380576,0.08803683258237255
2.0,2.44,0.18155727479961212,0.0871608514619813
2.0,2.45,0.17987960642142442,0.0862935864993705
2.0,2.46,0.17821613229883704,0.08543495096732123
2.0,2.47,0.17656675904400485,0.08458485900156469
2.0,2.48,0.17493139330210958,0.08374322559219596
2.0,2.49,0.17330994176714207,0.08290996657517266
2.0,2.5,0.17170231119726356,0.0820849986238988
2.0,2.5100000000000002,0.17010840842974928,0.08126823924089167
2.0,2.52,0.16852814039552694,0.08045960674953244
2.0,2.5300000000000002,0.16696141413331272,0.07965902028589801
2.0,2.54,0.16540813680335667,0.07886639979067495
2.0,2.5500000000000003,0.1638682157008012,0.07808166600115313
2.0,2.56,0.1623415582686628,0.07730474044329974
2.0,2.57,0.16082807211044187,0.07653554542391151
2.0,2.58,0.15932766500236945,0.07577400402284548
2.0,2.59,0.15784024490529733,0.07502004008532698
2.0,2.6,0.15636571997623758,0.07427357821433388
2.0,2.61,0.15490399857955992,0.0735345437630571
2.0,2.62,0.153454989297852,0.07280286282743559
2.0,2.63,0.1520186009424509,0.0720784622387661
2.0,2.64,0.1505947425636505,0.07136126955638605
2.0,2.65,0.14918332346059304,0.0706512130604296
2.0,2.66,0.14778425319084978,0.06994822174465536
2.0,2.67,0.1463974415796982,0.069252225309346
2.0,2.68,0.14502279872910045,0.06856315415427791
2.0,2.69,0.14366023502639108,0.06788093937176144
2.0,2.7,0.14230966115267796,0.06720551273974976
2.0,2.71,0.14097098809096417,0.06653680671501686
2.0,2.72,0.13964412713399504,0.06587475442640295
2.0,2.73,0.1383289898918375,0.06521928966812753
2.0,2.74,0.13702548829919617,0.06457034689316847
2.0,2.75,0.13573353462247287,0.06392786120670757
2.0,2.7600000000000002,0.13445304146657358,0.0632917683596407
2.0,2.77,0.13318392178147004,0.06266200474215315
2.0,2.7800000000000002,0.13192608886851936,0.06203850737735829
2.0,2.79,0.13067945638654874,0.06142121391500013
2.0,2.8000000000000003,0.1294439383577084,0.06081006262521795
2.0,2.81,0.1282194491730998,0.06020499239237354
2.0,2.82,0.12700590359818242,0.05960594270893937
2.0,2.83,0.12580321677796485,0.05901285366944784
2.0,2.84,0.1246113042419852,0.05842566596450083
2.0,2.85,0.12343008190908428,0.057844320874838456
2.0,2.86,0.1222594660919779,0.05726876026546736
2.0,2.87,0.12109937350163111,0.0566989265798469
2.0,2.88,0.1199497212514405,0.056134762834133725
2.0,2.89,0.11881042686122739,0.05557621261148306
2.0,2.9,0.11768140826104762,0.05502322005640723
2.0,2.91,0.11656258379482089,0.05447572986918986
2.0,2.92,0.11545387222378495,0.05393368730035602
2.0,2.93,0.11435519272977797,0.053397038145197084
2.0,2.94,0.11326646491835345,0.05286572873835037
2.0,2.95,0.11218760882173123,0.05233970594843238
2.0,2.96,0.1111185449015895,0.05181891717272583
2.0,2.97,0.11005919405169975,0.05130331033191911
2.0,2.98,0.10900947760041073,0.0507928338648985
2.0,2.99,0.10796931731298266,0.050287436723591865
2.0,3.0,0.10693863539377765,0.049787068367863944
2.0,3.0100000000000002,0.10591735448830762,0.04929167876046215
2.0,3.02,0.10490539768514524,0.04880121836201296
2.0,3.0300000000000002,0.10390268851769935,0.04831563812606777
2.0,3.04,0.10290915096586012,0.04783488949419837
2.0,3.0500000000000003,0.10192470945751536,0.04735892439114091
2.0,3.06,0.10094928886994269,0.046887695219988486
2.0,3.0700000000000003,0.0999828145310797,0.04642115485743125
2.0,3.08,0.09902521222067612,0.045959256649044204
2.0,3.09,0.0980764081713297,0.04550195440462157
2.0,3.1,0.09713632906941035,0.0450492023935578
2.0,3.11,0.09620490205587433,0.044600955340274535
2.0,3.12,0.09528205472697136,0.04415716841969286
2.0,3.13,0.09436771513484858,0.04371779725275094
2.0,3.14,0.09346181178805231,0.043282797901965896
2.0,3.15,0.0925642736519322,0.04285212686704019
2.0,3.16,0.0916750301489487,0.042425741080511385
2.0,3.17,0.09079401115888784,0.04200359790344555
2.0,3.18,0.08992114701898471,0.04158565512117316
2.0,3.19,0.08905636852395914,0.04117187093906774
2.0,3.2,0.088199606925965,0.04076220397836621
2.0,3.21,0.08735079393445642,0.04035661327203115
2.0,3.22,0.0865098617159725,0.039955058260653896
2.0,3.23,0.0856767428938436,0.039557498788398725
2.0,3.24,0.08485137054782033,0.039163895098987066
2.0,3.25,0.08403367821362875,0.03877420783172201
2.0,3.2600000000000002,0.08322359988245284,0.038388398017552054
2.0,3.27,0.08242107000034699,0.038006427075174314
2.0,3.2800000000000002,0.08162602346758005,0.0376282568071762
2.0,3.29,0.08083839563791376,0.03725384939621581
2.0,3.3000000000000003,0.0800581223178163,0.036883167401239994
2.0,3.31,0.07928513976561452,0.0365161737537404
2.0,3.3200000000000003,0.07851938469058473,0.03615283175404641
2.0,3.33,0.07776079425198604,0.0357931050676553
2.0,3.34,0.07700930605803644,0.03543695772159864
2.0,3.35,0.07626485816483387,0.035084354100845025
2.0,3.36,0.07552738907522463,0.03473525894473856
2.0,3.37,0.07479683773761979,0.03438963734347271
2.0,3.38,0.07407314354476205,0.034047454734599344
2.0,3.39,0.07335624633244422,0.033708676899572396
2.0,3.4,0.07264608637818146,0.03337326996032608
2.0,3.41,0.07194260439983768,0.03304120037588693
2.0,3.42,0.07124574155420949,0.03271243493901982
2.0,3.43,0.07055543943556682,0.03238694077290704
2.0,3.44,0.06987164007415413,0.03206468532786077
2.0,3.45,0.06919428593465161,0.03174563637806794
2.0,3.46,0.06852331991459884,0.03142976201836771
2.0,3.47,0.067858685342782,0.03111703066106086
2.0,3.48,0.06720032597758605,0.030807411032751076
2.0,3.49,0.06654818600531276,0.030500872171217483
2.0,3.5,0.06590221003846664,0.0301973834223185
2.0,3.5100000000000002,0.065262343114009,0.029896914436926308
2.0,3.52,0.06462853069158242,0.029599435167892
2.0,3.5300000000000002,0.06400071865170583,0.029304915867040746
2.0,3.54,0.06337885329394213,0.029013327082197053
2.0,3.5500000000000003,0.06276288133503893,0.028724639654239423
2.0,3.56,0.06215274990704392,0.028438824714184505
2.0,3.5700000000000003,0.061548406555395445,0.028155853680300096
2.0,3.58,0.06094979923699011,0.027875698255247015
2.0,3.59,0.06035687631822745,0.027598330423249287
2.0,3.6,0.05976958657303362,0.02732372244729256
2.0,3.61,0.05918787918086439,0.027051846866350416
2.0,3.62,0.058611703724688685,0.026782676492638175
2.0,3.63,0.05804101018895381,0.02651618440889418
2.0,3.64,0.057475748957532546,0.02625234396568796
2.0,3.65,0.05691587081165403,0.025991128778755347
2.0,3.66,0.05636132692781828,0.02573251272635994
2.0,3.67,0.055812068875696105,0.025476469946681016
2.0,3.68,0.05526804861601421,0.025222974835227212
2.0,3.69,0.05472921849842752,0.024972002042276155
2.0,3.7,0.054195531259378316,0.024723526470339388
2.0,3.71,0.05366694001994381,0.02447752327165267
2.0,3.72,0.0531433982836724,0.024233967845691113
2.0,3.73,0.05262485993440959,0.023992835836709175
2.0,3.74,0.052111279234114176,0.023754103131304997
2.0,3.75,0.05160261082066543,0.023517745856009107
2.0,3.7600000000000002,0.051098809705661774,0.023283740374897
2.0,3.77,0.050599831272212036,0.02305206328722557
2.0,3.7800000000000002,0.0501056312727193,0.02282269142509297
2.0,3.79,0.04961616582665871,0.022595601851121864
2.0,3.8000000000000003,0.04913139141834891,0.02237077185616559
2.0,3.81,0.04865126489471875,0.022148178957037315
2.0,3.8200000000000003,0.048175743463068944,0.02192780089426161
2.0,3.83,0.047704784688829785,0.02170961562984857
2.0,3.84,0.047238346493315174,0.021493601345089923
2.0,3.85,0.0467763871514736,0.02127973643837717
2.0,3.86,0.04631886528963669,0.021067999523041434
2.0,3.87,0.04586573988326549,0.02085836942521472
2.0,3.88,0.04541697025469545,0.020650825181712566
2.0,3.89,0.04497251607087998,0.020445346037937653
2.0,3.9,0.044532337341133786,0.02024191144580439
2.0,3.91,0.04409639441487559,0.020040501061684014
2.0,3.92,0.04366464797937144,0.019841094744370288
2.0,3.93,0.04323705905747845,0.019643672553065292
2.0,3.94,0.042813589005389764,0.01944821474538539
2.0,3.95,0.042394199510380905,0.01925470177538692
2.0,3.96,0.04197885258855803,0.019063114291611637
2.0,3.97,0.041567510582608304,0.018873433135151486
2.0,3.98,0.0411601361595531,0.018685639337732773
2.0,3.99,0.04075669230850386,0.018499714119819242
2.0,4.0,0.04035714233842144,0.01831563888873418
4.0,0.0,1.0,1.0
4.0,0.01,1.0056299429165647,0.9900498337491681
4.0,0.02,1.0112832507147622,0.9801986733067553
4.0,0.03,1.0169516150167512,0.9704455335485082
4.0,0.04,1.0226266038986551,0.960789439152323
4.0,0.05,1.0282996938895614,0.9512294245007138
4.0,0.06,1.0339623027342215,0.9417645335842487
4.0,0.07,1.0396058225802123,0.9323938199059483
4.0,0.08,1.0452216532479188,0.9231163463866358
4.0,0.09,1.0508012352460747,0.9139311852712282
4.0,0.1,1.0563360822064347,0.9048374180359595
4.0,0.11,1.0618178124279862,0.8958341352965282
4.0,0.12,1.0672381792432368,0.8869204367171573
4.0,0.13,1.0725890999458028,0.8780954309205613
4.0,0.14,1.07786268304879,0.8693582353988059
4.0,0.15,1.083051253676491,0.8607079764250578
4.0,0.16,1.0881473769265912,0.8521437889662113
4.0,0.17,1.0931438790756025,0.8436648165963837
4.0,0.18,1.0980338665356253,0.835270211411272
4.0,0.19,1.1028107425050329,0.8269591339433621
4.0,0.2,1.1074682212885358,0.8187307530779818
4.0,0.21,1.1120003402927738,0.8105842459701871
4.0,0.22,1.116401469731567,0.8025187979624783
4.0,0.23,1.1206663200999711,0.794533602503334
4.0,0.24,1.124789947498024,0.7866278610665535
4.0,0.25,1.1287677569035084,0.7788007830714049
4.0,0.26,1.1325955035081086,0.7710515858035663
4.0,0.27,1.1362692922431379,0.7633794943368531
4.0,0.28,1.1397855756296835,0.7557837414557255
4.0,0.29,1.1431411500937778,0.7482635675785653
4.0,0.3,1.1463331508902777,0.7408182206817179
4.0,0.31,1.1493590457798608,0.7334469562242892
4.0,0.32,1.152216627602134,0.7261490370736909
4.0,0.33,1.1549040058846922,0.7189237334319262
4.0,0.34,1.1574195976232706,0.7117703227626095
4.0,0.35000000000000003,1.159762117362253,0.7046880897187134
4.0,0.36,1.161930566697947,0.697676326071031
4.0,0.37,1.163924223319529,0.6907343306373547
4.0,0.38,1.165742629694498,0.6838614092123558
4.0,0.39,1.1673855814972234,0.6770568744981647
4.0,0.4,1.1688531158707163,0.6703200460356393
4.0,0.41000000000000003,1.1701454996033944,0.6636502501363194
4.0,0.42,1.1712632172943693,0.6570468198150567
4.0,0.43,1.1722069595727995,0.6505090947233165
4.0,0.44,1.1729776114291974,0.6440364210831414
4.0,0.45,1.1735762407093187,0.6376281516217733
4.0,0.46,1.1740040868144055,0.631283645506926
4.0,0.47000000000000003,1.1742625496451788,0.6250022682827008
4.0,0.48,1.1743531788210526,0.6187833918061408
4.0,0.49,1.1742776632006087,0.6126263941844161
4.0,0.5,1.1740378207243973,0.6065306597126334
4.0,0.51,1.1736355885966254,0.6004955788122659
4.0,0.52,1.173073013818237,0.5945205479701944
4.0,0.53,1.1723522440802467,0.5886049696783552
4.0,0.54,1.1714755190229726,0.5827482523739896
4.0,0.55,1.1704451618639524,0.5769498103804866
4.0,0.56,1.169263571394832,0.5712090638488149
4.0,0.5700000000000001,1.1679332143453465,0.5655254386995371
4.0,0.58,1.1664566181106422,0.559898366565402
4.0,0.59,1.164836363836591,0.5543272847345071
4.0,0.6,1.163075079856403,0.5488116360940265
4.0,0.61,1.1611754354707184,0.5433508690744998
4.0,0.62,1.15914013506245,0.5379444375946745
4.0,0.63,1.1569719125368922,0.5325918010068972
4.0,0.64,1.154673526077057,0.5272924240430485
4.0,0.65,1.152247753203745,0.522045776761016
4.0,0.66,1.1496973861295576,0.5168513344916992
4.0,0.67,1.1470252273958623,0.5117085777865424
4.0,0.68,1.144234085781602,0.5066169923655895
4.0,0.6900000000000001,1.1413267724728375,0.5015760690660555
4.0,0.7000000000000001,1.1383060974819408,0.49658530379140947
4.0,0.71,1.1351748663054826,0.4916441974609651
4.0,0.72,1.1319358768100027,0.4867522559599717
4.0,0.73,1.1285919163350564,0.48190899009020244
4.0,0.74,1.1251457590031706,0.4771139155210344
4.0,0.75,1.121600163226596,0.4723665527410147
4.0,0.76,1.1179578694010366,0.46766642700990924
4.0,0.77,1.114221597776834,0.46301306831122807
4.0,0.78,1.1103940464984021,0.4584060113052235
4.0,0.79,1.1064778898030248,0.45384479528235583
4.0,0.8,1.1024757763704653,0.44932896411722156
4.0,0.81,1.098390327815166,0.4448580662229411
4.0,0.8200000000000001,1.0942241373131383,0.44043165450599925
4.0,0.8300000000000001,1.0899797683559878,0.43604928632153556
4.0,0.84,1.0856597536248302,0.43171052342907973
4.0,0.85,1.0812665939771808,0.4274149319487267
4.0,0.86,1.0768027575402124,0.4231620823177488
4.0,0.87,1.0722706789040821,0.418951549247639
4.0,0.88,1.0676727584093242,0.4147829116815814
4.0,0.89,1.0630113615225987,0.4106557527523455
4.0,0.9,1.0582888182953571,0.4065696597405991
4.0,0.91,1.0535074229002719,0.40252422403363597
4.0,0.92,1.0486694332405158,0.39851904108451414
4.0,0.93,1.0437770706272522,0.3945537103716011
4.0,0.9400000000000001,1.038832519520913,0.3906278353585211
4.0,0.9500000000000001,1.0338379273320941,0.3867410234545012
4.0,0.96,1.0287954042781062,0.38289288597511206
4.0,0.97,1.0237070232914347,0.37908303810339883
4.0,0.98,1.0185748199765627,0.37531109885139957
4.0,0.99,1.0134007926118094,0.3715766910220457
4.0,1.0,1.008186902193015,0.36787944117144233
4.0,1.01,1.0029350725160786,0.3642189795715233
4.0,1.02,0.9976471902955307,0.3605949401730783
4.0,1.03,0.9923251053164667,0.3570069605691474
4.0,1.04,0.9869706306173359,0.35345468195878016
4.0,1.05,0.9815855427012076,0.3499377491111553
4.0,1.06,0.9761715817732887,0.3464558103300574
4.0,1.07,0.9707304520025765,0.34300851741870664
4.0,1.08,0.965263821805679,0.3395955256449391
4.0,1.09,0.9597733241509238,0.33621649370673334
4.0,1.1,0.9542605568810091,0.33287108369807955
4.0,1.11,0.9487270830525434,0.32955896107518906
4.0,1.12,0.9431744312909198,0.32627979462303947
4.0,1.1300000000000001,0.9376040961590719,0.3230332564222529
4.0,1.1400000000000001,0.9320175385387355,0.3198190218163038
4.0,1.1500000000000001,0.9264161860229363,0.31663676937905316
4.0,1.16,0.9208014333184934,0.3134861808826053
4.0,1.17,0.9151746426574084,0.31036694126548503
4.0,1.18,0.9095371442160792,0.30727873860113125
4.0,1.19,0.9038902365413453,0.3042212640667041
4.0,1.2,0.8982351869824348,0.30119421191220214
4.0,1.21,0.8925732321279382,0.2981972794298874
4.0,1.22,0.8869055782470019,0.2952301669240142
4.0,1.23,0.8812334017339726,0.2922925776808594
4.0,1.24,0.8755578495557861,0.2893842179390506
4.0,1.25,0.869880039701437,0.2865047968601901
4.0,1.26,0.8642010616329072,0.2836540264997704
4.0,1.27,0.8585219767369799,0.2808316217783798
4.0,1.28,0.8528438187774006,0.27803730045319414
4.0,1.29,0.8471675943468844,0.27527078308975234
4.0,1.3,0.8414942833185095,0.2725317930340126
4.0,1.31,0.83582483929606,0.2698200563846868
4.0,1.32,0.8301601900629233,0.26713530196585034
4.0,1.33,0.8245012380291706,0.26447726129982396
4.0,1.34,0.8188488606764784,0.261845668580326
4.0,1.35,0.8132039110005735,0.2592402606458915
4.0,1.36,0.807567217950914,0.2566607769535559
4.0,1.37,0.801939586867332,0.25410695955280027
4.0,1.3800000000000001,0.7963217999134002,0.25157855305975646
4.0,1.3900000000000001,0.7907146165062885,0.24907530463166816
4.0,1.4000000000000001,0.785118773742907,0.24659696394160643
4.0,1.41,0.7795349868221528,0.2441432831534371
4.0,1.42,0.7739639494630769,0.24171401689703645
4.0,1.43,0.7684063343188308,0.23930892224375455
4.0,1.44,0.7628627933862389,0.23692775868212176
4.0,1.45,0.7573339584108829,0.23457028809379765
4.0,1.46,0.7518204412875747,0.23223627472975883
4.0,1.47,0.7463228344561255,0.22992548518672384
4.0,1.48,0.7408417112923181,0.22763768838381274
4.0,1.49,0.7353776264940081,0.22537265553943872
4.0,1.5,0.7299311164622807,0.22313016014842982
4.0,1.51,0.7245026996776143,0.2209099779593782
4.0,1.52,0.719092877070992,0.21871188695221475
4.0,1.53,0.7137021323899291,0.21653566731600707
4.0,1.54,0.7083309325593781,0.21438110142697794
4.0,1.55,0.702979728037491,0.21224797382674304
4.0,1.56,0.6976489531662148,0.21013607120076472
4.0,1.57,0.6923390265167126,0.20804518235702046
4.0,1.58,0.6870503512296047,0.20597509820488344
4.0,1.59,0.681783315350025,0.20392561173421342
4.0,1.6,0.6765382921575006,0.20189651799465538
4.0,1.61,0.671315640490666,0.1998876140751445
4.0,1.62,0.6661157050668195,0.19789869908361465
4.0,1.6300000000000001,0.6609388167963478,0.19592957412690934
4.0,1.6400000000000001,0.6557852930920335,0.19398004229089189
4.0,1.6500000000000001,0.650655438173278,0.19204990862075408
4.0,1.6600000000000001,0.6455495433652627,0.1901389801015205
4.0,1.67,0.6404678873930837,0.1882470656387468
4.0,1.68,0.6354107366708928,0.18637397603940997
4.0,1.69,0.6303783455860863,0.18451952399298926
4.0,1.7,0.6253709567785743,0.18268352405273466
4.0,1.71,0.6203888014151774,0.1808657926171221
4.0,1.72,0.6154320994591931,0.17906614791149322
4.0,1.73,0.6105010599351791,0.17728440996987782
4.0,1.74,0.6055958811889944,0.17552040061699686
4.0,1.75,0.6007167511431577,0.17377394345044514
4.0,1.76,0.5958638475475602,0.17204486382305054
4.0,1.77,0.5910373382255957,0.17033298882540943
4.0,1.78,0.5862373813157519,0.1686381472685955
4.0,1.79,0.5814641255087204,0.1669601696670407
4.0,1.8,0.5767177102800773,0.16529888822158653
4.0,1.81,0.5719982661185895,0.16365413680270405
4.0,1.82,0.5673059147502044,0.16202575093388075
4.0,1.83,0.5626407693577731,0.16041356777517274
4.0,1.84,0.5580029347965696,0.15881742610692068
4.0,1.85,0.5533925078056589,0.1572371663136276
4.0,1.86,0.5488095772151708,0.1556726303679973
4.0,1.87,0.5442542241495397,0.1541236618151314
4.0,1.8800000000000001,0.5397265222267625,0.15259010575688386
4.0,1.8900000000000001,0.5352265377537356,0.15107180883637084
4.0,1.9000000000000001,0.5307543299177288,0.14956861922263504
4.0,1.9100000000000001,0.5263099509740484,0.14808038659546244
4.0,1.92,0.5218934464299535,0.14660696213035015
4.0,1.93,0.5175048552248757,0.14514819848362373
4.0,1.94,0.5131442099070042,0.14370394977770293
4.0,1.95,0.5088115368062901,0.1422740715865136
4.0,1.96,0.5045068562039259,0.140858420921045
4.0,1.97,0.5002301824983599,0.13945685621505094
4.0,1.98,0.49598152436789383,0.13806923731089282
4.0,1.99,0.4917608849299286,0.13669542544552385
4.0,2.0,0.48756826189690367,0.1353352832366127
4.0,2.0100000000000002,0.48340364772899097,0.13398867466880493
4.0,2.02,0.47926702978359564,0.13265546508012172
4.0,2.0300000000000002,0.47515839046171404,0.13133552114849303
4.0,2.04,0.4710777073512087,0.1300287108784259
4.0,2.05,0.46702495336704397,0.12873490358780423
4.0,2.06,0.46300009688854465,0.12745396989482075
4.0,2.07,0.4590031018937191,0.12618578170503877
4.0,2.08,0.4550339280907052,0.12493021219858241
4.0,2.09,0.45109253104638686,0.12368713581745483
4.0,2.1,0.44717886231222853,0.1224564282529819
4.0,2.11,0.44329286954738273,0.12123796643338168
4.0,2.12,0.43943449663911305,0.12003162851145673
4.0,2.13,0.43560368382058645,0.11883729385240965
4.0,2.14,0.43180036778607617,0.11765484302177918
4.0,2.15,0.42802448180362923,0.11648415777349697
4.0,2.16,0.42427595582523847,0.11532512103806251
4.0,2.17,0.420554716594569,0.1141776169108365
4.0,2.18,0.41686068775228124,0.11304153064044985
4.0,2.19,0.41319378993899863,0.11191674861732888
4.0,2.2,0.4095539408959595,0.11080315836233387
4.0,2.21,0.4059410555633996,0.10970064851551141
4.0,2.22,0.4023550461767067,0.10860910882495796
4.0,2.23,0.3987958223603896,0.10752843013579495
4.0,2.24,0.39526329121990145,0.1064585043792528
4.0,2.25,0.39175735743136203,0.10539922456186433
4.0,2.2600000000000002,0.38827792332921346,0.104350484754765
4.0,2.27,0.38482488899185496,0.1033121800831002
4.0,2.2800000000000002,0.38139815232528973,0.10228420671553744
4.0,2.29,0.3779976091448283,0.1012664618538834
4.0,2.3000000000000003,0.3746231532548808,0.1002588437228037
4.0,2.31,0.3712746765268787,0.09926125155964566
4.0,2.32,0.36795206897536037,0.09827358560436154
4.0,2.33,0.36465521883225926,0.09729574708953276
4.0,2.34,0.3613840126194273,0.09632763823049303
4.0,2.35,0.3581383352194286,0.09536916221554961
4.0,2.36,0.35491806994464115,0.09442022319630235
4.0,2.37,0.35172309860469436,0.09348072627805847
4.0,2.38,0.348553301572282,0.09255057751034329
4.0,2.39,0.345408557847377,0.09162968387750484
4.0,2.4,0.3422887451198858,0.09071795328941251
4.0,2.41,0.33919373983076906,0.08981529457224763
4.0,2.42,0.3361234172316628,0.08892161745938634
4.0,2.43,0.33307765144302803,0.08803683258237255
4.0,2.44,0.3300563155108618,0.0871608514619813
4.0,2.45,0.3270592814619951,0.0862935864993705
4.0,2.46,0.3240864203580107,0.08543495096732123
4.0,2.47,0.3211376023478052,0.08458485900156469
4.0,2.48,0.3182126967188268,0.08374322559219596
4.0,2.49,0.31531157194701265,0.08290996657517266
4.0,2.5,0.3124340957454571,0.0820849986238988
4.0,2.5100000000000002,0.30958013511183124,0.08126823924089167
4.0,2.52,0.30674955637458673,0.08045960674953244
4.0,2.5300000000000002,0.303942225237962,0.07965902028589801
4.0,2.54,0.30115800682582267,0.07886639979067495
4.0,2.5500000000000003,0.298396765724355,0.07808166600115313
4.0,2.56,0.2956583660236415,0.07730474044329974
4.0,2.57,0.29294267135813706,0.07653554542391151
4.0,2.58,0.29024954494607375,0.07577400402284548
4.0,2.59,0.28757884962781466,0.07502004008532698
4.0,2.6,0.28493044790317784,0.07427357821433388
4.0,2.61,0.28230420196775624,0.0735345437630571
4.0,2.62,0.27969997374825023,0.07280286282743559
4.0,2.63,0.2771176249368389,0.0720784622387661
4.0,2.64,0.27455701702460616,0.07136126955638605
4.0,2.65,0.27201801133404613,0.0706512130604296
4.0,2.66,0.26950046905066405,0.06994822174465536
4.0,2.67,0.2670042512536957,0.069252225309346
4.0,2.68,0.2645292189459617,0.06856315415427791
4.0,2.69,0.2620752330828776,0.06788093937176144
4.0,2.7,0.25964215460063644,0.06720551273974976
4.0,2.71,0.2572298444435843,0.06653680671501686
4.0,2.72,0.25483816359080363,0.06587475442640295
4.0,2.73,0.25246697308192456,0.06521928966812753
4.0,2.74,0.25011613404217886,0.06457034689316847
4.0,2.75,0.24778550770671612,0.06392786120670757
4.0,2.7600000000000002,0.24547495544419531,0.0632917683596407
4.0,2.77,0.2431843387796707,0.06266200474215315
4.0,2.7800000000000002,0.24091351941678585,0.06203850737735829
4.0,2.79,0.23866235925929355,0.06142121391500013
4.0,2.8000000000000003,0.23643072043191285,0.06081006262521795
4.0,2.81,0.23421846530054383,0.06020499239237354
4.0,2.82,0.23202545649184872,0.05960594270893937
4.0,2.83,0.22985155691221784,0.05901285366944784
4.0,2.84,0.2276966297661332,0.05842566596450083
4.0,2.85,0.22556053857394207,0.057844320874838456
4.0,2.86,0.22344314718905686,0.05726876026546736
4.0,2.87,0.22134431981459096,0.0566989265798469
4.0,2.88,0.21926392101944747,0.056134762834133725
4.0,2.89,0.21720181575386946,0.05557621261148306
4.0,2.9,0.2151578693644674,0.05502322005640723
4.0,2.91,0.2131319476087342,0.05447572986918986
4.0,2.92,0.21112391666905994,0.05393368730035602
4.0,2.93,0.2091336431662589,0.053397038145197084
4.0,2.94,0.20716099417261916,0.05286572873835037
4.0,2.95,0.2052058372244868,0.05233970594843238
4.0,2.96,0.20326804033439513,0.05181891717272583
4.0,2.97,0.20134747200275008,0.05130331033191911
4.0,2.98,0.1994440012290825,0.0507928338648985
4.0,2.99,0.19755749752287657,0.050287436723591865
4.0,3.0,0.1956878309139864,0.049787068367863944
4.0,3.0100000000000002,0.19383487196264787,0.04929167876046215
4.0,3.02,0.1919984917690993,0.04880121836201296
4.0,3.0300000000000002,0.19017856198281585,0.04831563812606777
4.0,3.04,0.1883749548113712,0.04783488949419837
4.0,3.0500000000000003,0.18658754302893268,0.04735892439114091
4.0,3.06,0.1848161999844003,0.046887695219988486
4.0,3.0700000000000003,0.18306079960919747,0.04642115485743125
4.0,3.08,0.18132121642472324,0.045959256649044204
4.0,3.09,0.1795973255494725,0.04550195440462157
4.0,3.1,0.17788900270583458,0.0450492023935578
4.0,3.11,0.17619612422657638,0.044600955340274535
4.0,3.12,0.1745185670610184,0.04415716841969286
4.0,3.13,0.17285620878091312,0.04371779725275094
4.0,3.14,0.1712089275860295,0.043282797901965896
4.0,3.15,0.16957660230945507,0.04285212686704019
4.0,3.16,0.1679591124226197,0.042425741080511385
4.0,3.17,0.16635633804005048,0.04200359790344555
4.0,3.18,0.16476815992386212,0.04158565512117316
4.0,3.19,0.1631944594879923,0.04117187093906774
4.0,3.2,0.16163511880218623,0.04076220397836621
4.0,3.21,0.1600900205957387,0.04035661327203115
4.0,3.22,0.15855904826099856,0.039955058260653896
4.0,3.23,0.15704208585664306,0.039557498788398725
4.0,3.24,0.15553901811072662,0.039163895098987066
4.0,3.25,0.1540497304235121,0.03877420783172201
4.0,3.2600000000000002,0.15257410887008765,0.038388398017552054
4.0,3.27,0.15111204020277766,0.038006427075174314
4.0,3.2800000000000002,0.14966341185335053,0.0376282568071762
4.0,3.29,0.14822811193503174,0.03725384939621581
4.0,3.3000000000000003,0.14680602924432445,0.036883167401239994
4.0,3.31,0.14539705326264557,0.0365161737537404
4.0,3.3200000000000003,0.14400107415777974,0.03615283175404641
4.0,3.33,0.142617982785159,0.0357931050676553
4.0,3.34,0.14124767068897057,0.03543695772159864
4.0,3.35,0.13989003010309892,0.035084354100845025
4.0,3.36,0.13854495395190633,0.03473525894473856
4.0,3.37,0.13721233585085632,0.03438963734347271
4.0,3.38,0.1358920701069851,0.034047454734599344
4.0,3.39,0.13458405171922377,0.033708676899572396
4.0,3.4,0.1332881763785784,0.03337326996032608
4.0,3.41,0.13200434046816842,0.03304120037588693
4.0,3.42,0.13073244106313095,0.03271243493901982
4.0,3.43,0.12947237593039207,0.03238694077290704
4.0,3.44,0.12822404352831146,0.03206468532786077
4.0,3.45,0.1269873430062023,0.03174563637806794
4.0,3.46,0.12576217420373084,0.03142976201836771
4.0,3.47,0.12454843765019953,0.03111703066106086
4.0,3.48,0.12334603456371701,0.030807411032751076
4.0,3.49,0.12215486685025785,0.030500872171217483
4.0,3.5,0.12097483710261689,0.0301973834223185
4.0,3.5100000000000002,0.11980584859925947,0.029896914436926308
4.0,3.52,0.11864780530307298,0.029599435167892
4.0,3.5300000000000002,0.11750061186002067,0.029304915867040746
4.0,3.54,0.11636417359770286,0.029013327082197053
4.0,3.5500000000000003,0.11523839652382684,0.028724639654239423
4.0,3.56,0.11412318732458969,0.028438824714184505
4.0,3.5700000000000003,0.113018453362976,0.028155853680300096
4.0,3.58,0.11192410267697395,0.027875698255247015
4.0,3.59,0.11084004397771173,0.027598330423249287
4.0,3.6,0.10976618664751794,0.02732372244729256
4.0,3.61,0.10870244073790802,0.027051846866350416
4.0,3.62,0.10764871696749863,0.026782676492638175
4.0,3.63,0.10660492671985428,0.02651618440889418
4.0,3.64,0.10557098204126626,0.02625234396568796
4.0,3.65,0.10454679563846873,0.025991128778755347
4.0,3.66,0.103532280876292,0.02573251272635994
4.0,3.67,0.10252735177525706,0.025476469946681016
4.0,3.68,0.10153192300911223,0.025222974835227212
4.0,3.69,0.1005459099023153,0.024972002042276155
4.0,3.7,0.09956922842746191,0.024723526470339388
4.0,3.71,0.09860179520266375,0.02447752327165267
4.0,3.72,0.09764352748887692,0.024233967845691113
4.0,3.73,0.09669434318718398,0.023992835836709175
4.0,3.74,0.09575416083603039,0.023754103131304997
4.0,3.75,0.09482289960841803,0.023517745856009107
4.0,3.7600000000000002,0.09390047930905693,0.023283740374897
4.0,3.77,0.09298682037147753,0.02305206328722557
4.0,3.7800000000000002,0.09208184385510487,0.02282269142509297
4.0,3.79,0.09118547144229672,0.022595601851121864
4.0,3.8000000000000003,0.09029762543534643,0.02237077185616559
4.0,3.81,0.08941822875345368,0.022148178957037315
4.0,3.8200000000000003,0.08854720492966278,0.02192780089426161
4.0,3.83,0.08768447810777172,0.02170961562984857
4.0,3.84,0.0868299730392123,0.021493601345089923
4.0,3.85,0.08598361507990321,0.02127973643837717
4.0,3.86,0.0851453301870779,0.021067999523041434
4.0,3.87,0.08431504491608752,0.02085836942521472
4.0,3.88,0.08349268641718152,0.020650825181712566
4.0,3.89,0.08267818243226599,0.020445346037937653
4.0,3.9,0.08187146129164234,0.02024191144580439
4.0,3.91,0.08107245191072605,0.020040501061684014
4.0,3.92,0.0802810837867482,0.019841094744370288
4.0,3.93,0.07949728699543958,0.019643672553065292
4.0,3.94,0.07872099218769968,0.01944821474538539
4.0,3.95,0.0779521305862508,0.01925470177538692
4.0,3.96,0.07719063398227893,0.019063114291611637
4.0,3.97,0.0764364347320619,0.018873433135151486
4.0,3.98,0.07568946575358661,0.018685639337732773
4.0,3.99,0.07494966052315549,0.018499714119819242
4.0,4.0,0.0742169530719837,0.01831563888873418
8.0,0.0,1.0,1.0
8.0,0.01,1.0256233221219415,0.9900498337491681
8.0,0.02,1.0518356019745183,0.9801986733067553
8.0,0.03,1.0785801663953083,0.9704455335485082
8.0,0.04,1.1057956151217925,0.960789439152323
8.0,0.05,1.1334166808767316,0.9512294245007138
8.0,0.06,1.161375162103778,0.9417645335842487
8.0,0.07,1.1896008907338607,0.9323938199059483
8.0,0.08,1.2180226980484474,0.9231163463866358
8.0,0.09,1.2465693449102162,0.9139311852712282
8.0,0.1,1.275170387782729,0.9048374180359595
8.0,0.11,1.3037569583507063,0.8958341352965282
8.0,0.12,1.3322624414539501,0.8869204367171573
8.0,0.13,1.3606230428108952,0.8780954309205613
8.0,0.14,1.388778244124208,0.8693582353988059
8.0,0.15,1.416671148294202,0.8607079764250578
8.0,0.16,1.4442487214481157,0.8521437889662113
8.0,0.17,1.471461941301046,0.8436648165963837
8.0,0.18,1.4982658630817085,0.835270211411272
8.0,0.19,1.5246196150362687,0.8269591339433621
8.0,0.2,1.5504863355526455,0.8187307530779818
8.0,0.21,1.575833063417998,0.8105842459701871
8.0,0.22,1.6006305918115569,0.8025187979624783
8.0,0.23,1.6248532954967276,0.794533602503334
8.0,0.24,1.6484789394332577,0.7866278610665535
8.0,0.25,1.6714884757750776,0.7788007830714049
8.0,0.26,1.6938658350172837,0.7710515858035663
8.0,0.27,1.715597715948691,0.7633794943368531
8.0,0.28,1.7366733780778887,0.7557837414557255
8.0,0.29,1.7570844393404184,0.7482635675785653
8.0,0.3,1.776824681162335,0.7408182206817179
8.0,0.31,1.7958898623443176,0.7334469562242892
8.0,0.32,1.8142775427300128,0.7261490370736909
8.0,0.33,1.8319869172199927,0.7189237334319262
8.0,0.34,1.849018660375245,0.7117703227626095
8.0,0.35000000000000003,1.8653747816089439,0.7046880897187134
8.0,0.36,1.881058490780174,0.697676326071031
8.0,0.37,1.8960740738678545,0.6907343306373547
8.0,0.38,1.9104267783076176,0.6838614092123558
8.0,0.39,1.9241227075110923,0.6770568744981647
8.0,0.4,1.9371687240487565,0.6703200460356393
8.0,0.41000000000000003,1.9495723609588749,0.6636502501363194
8.0,0.42,1.9613417406411342,0.6570468198150567
8.0,0.43,1.9724855008007762,0.6505090947233165
8.0,0.44,1.9830127269241986,0.6440364210831414
8.0,0.45,1.9929328907877895,0.6376281516217733
8.0,0.46,2.002255794526212,0.631283645506926
8.0,0.47000000000000003,2.010991519813084,0.6250022682827008
8.0,0.48,2.01915038173483,0.6187833918061408
8.0,0.49,2.026742886966587,0.6126263941844161
8.0,0.5,2.0337796958868144,0.6065306597126334
8.0,0.51,2.0402715882942593,0.6004955788122659
8.0,0.52,2.0462294324167893,0.5945205479701944
8.0,0.53,2.051664156926236,0.5886049696783552
8.0,0.54,2.056586725696559,0.5827482523739896
8.0,0.55,2.0610081150643604,0.5769498103804866
8.0,0.56,2.0649392933710113,0.5712090638488149
8.0,0.5700000000000001,2.0683912025844173,0.5655254386995371
8.0,0.58,2.071374741815791,0.559898366565402
8.0,0.59,2.073900752562796,0.5543272847345071
8.0,0.6,2.075980005525101,0.5488116360940265
8.0,0.61,2.077623188851894,0.5433508690744998
8.0,0.62,2.0788408976932202,0.5379444375946745
8.0,0.63,2.0796436249383254,0.5325918010068972
8.0,0.64,2.0800417530344935,0.5272924240430485
8.0,0.65,2.080045546789268,0.522045776761016
8.0,0.66,2.079665147067561,0.5168513344916992
8.0,0.67,2.07891056530295,0.5117085777865424
8.0,0.68,2.077791678749602,0.5066169923655895
8.0,0.6900000000000001,2.076318226407767,0.5015760690660555
8.0,0.7000000000000001,2.0744998055616746,0.49658530379140947
8.0,0.71,2.0723458688740624,0.4916441974609651
8.0,0.72,2.0698657219864516,0.4867522559599717
8.0,0.73,2.067068521578762,0.48190899009020244
8.0,0.74,2.063963273845892,0.4771139155210344
8.0,0.75,2.0605588333526135,0.4723665527410147
8.0,0.76,2.056863902231467,0.46766642700990924
8.0,0.77,2.0528870296914388,0.46301306831122807
8.0,0.78,2.0486366118079684,0.4584060113052235
8.0,0.79,2.0441208915673963,0.45384479528235583
8.0,0.8,2.0393479591412675,0.44932896411722156
8.0,0.81,2.034325752368044,0.4448580662229411
8.0,0.8200000000000001,2.0290620574216702,0.44043165450599925
8.0,0.8300000000000001,2.0235645096482537,0.43604928632153556
8.0,0.84,2.017840594553664,0.43171052342907973
8.0,0.85,2.0118976489263662,0.4274149319487267
8.0,0.86,2.0057428620811395,0.4231620823177488
8.0,0.87,1.9993832772105355,0.418951549247639
8.0,0.88,1.9928257928320707,0.4147829116815814
8.0,0.89,1.986077164320162,0.4106557527523455
8.0,0.9,1.9791440055127545,0.4065696597405991
8.0,0.91,1.9720327903834496,0.40252422403363597
8.0,0.92,1.964749854770713,0.39851904108451414
8.0,0.93,1.9573013981564906,0.3945537103716011
8.0,0.9400000000000001,1.94969348548718,0.3906278353585211
8.0,0.9500000000000001,1.9419320490305405,0.3867410234545012
8.0,0.96,1.934022890262666,0.38289288597511206
8.0,0.97,1.9259716817796486,0.37908303810339883
8.0,0.98,1.9177839692290384,0.37531109885139957
8.0,0.99,1.9094651732566146,0.3715766910220457
8.0,1.0,1.9010205914643985,0.36787944117144233
8.0,1.01,1.892455400376177,0.3642189795715233
8.0,1.02,1.8837746574071519,0.3605949401730783
8.0,1.03,1.874983302834624,0.3570069605691474
8.0,1.04,1.8660861617669144,0.35345468195878016
8.0,1.05,1.8570879461079555,0.3499377491111553
8.0,1.06,1.8479932565152606,0.3464558103300574
8.0,1.07,1.8388065843491537,0.34300851741870664
8.0,1.08,1.8295323136113806,0.3395955256449391
8.0,1.09,1.8201747228713745,0.33621649370673334
8.0,1.1,1.8107379871786369,0.33287108369807955
8.0,1.11,1.801226179959852,0.32955896107518906
8.0,1.12,1.7916432748994762,0.32627979462303947
8.0,1.1300000000000001,1.781993147802699,0.3230332564222529
8.0,1.1400000000000001,1.7722795784397756,0.3198190218163038
8.0,1.1500000000000001,1.7625062523708568,0.31663676937905316
8.0,1.16,1.7526767627505255,0.3134861808826053
8.0,1.17,1.7427946121113729,0.31036694126548503
8.0,1.18,1.7328632141259972,0.30727873860113125
8.0,1.19,1.7228858953469202,0.3042212640667041
8.0,1.2,1.7128658969239716,0.30119421191220214
8.0,1.21,1.7028063762987602,0.2981972794298874
8.0,1.22,1.6927104088759266,0.2952301669240142
8.0,1.23,1.6825809896709047,0.2922925776808594
8.0,1.24,1.6724210349339987,0.2893842179390506
8.0,1.25,1.6622333837506091,0.2865047968601901
8.0,1.26,1.6520207996174894,0.2836540264997704
8.0,1.27,1.641785971994973,0.2808316217783798
8.0,1.28,1.6315315178351177,0.27803730045319414
8.0,1.29,1.621259983085771,0.27527078308975234
8.0,1.3,1.6109738441705828,0.2725317930340126
8.0,1.31,1.6006755094450171,0.2698200563846868
8.0,1.32,1.5903673206284494,0.26713530196585034
8.0,1.33,1.5800515542124465,0.26447726129982396
8.0,1.34,1.5697304228453595,0.261845668580326
8.0,1.35,1.5594060766933713,0.2592402606458915
8.0,1.36,1.5490806047781644,0.2566607769535559
8.0,1.37,1.5387560362913812,0.25410695955280027
8.0,1.3800000000000001,1.5284343418860753,0.25157855305975646
8.0,1.3900000000000001,1.518117434945355,0.24907530463166816
8.0,1.4000000000000001,1.5078071728284308,0.24659696394160643
8.0,1.41,1.4975053580943125,0.2441432831534371
8.0,1.42,1.4872137397033633,0.24171401689703645
8.0,1.43,1.4769340141969816,0.23930892224375455
8.0,1.44,1.4666678268556441,0.23692775868212176
8.0,1.45,1.4564167728355795,0.23457028809379765
8.0,1.46,1.446182398284324,0.23223627472975883
8.0,1.47,1.4359662014354393,0.22992548518672384
8.0,1.48,1.4257696336826553,0.22763768838381274
8.0,1.49,1.4155941006337112,0.22537265553943872
8.0,1.5,1.405440963144186,0.22313016014842982
8.0,1.51,1.3953115383315808,0.2209099779593782
8.0,1.52,1.3852071005699442,0.21871188695221475
8.0,1.53,1.3751288824653263,0.21653566731600707
8.0,1.54,1.3650780758123326,0.21438110142697794
8.0,1.55,1.3550558325320767,0.21224797382674304
8.0,1.56,1.3450632655918022,0.21013607120076472
8.0,1.57,1.3351014499064662,0.20804518235702046
8.0,1.58,1.3251714232225626,0.20597509820488344
8.0,1.59,1.3152741869844702,0.20392561173421342
8.0,1.6,1.3054107071836003,0.20189651799465538
8.0,1.61,1.2955819151906336,0.1998876140751445
8.0,1.62,1.285788708571111,0.19789869908361465
8.0,1.6300000000000001,1.276031951884666,0.19592957412690934
8.0,1.6400000000000001,1.2663124774681631,0.19398004229089189
8.0,1.6500000000000001,1.256631086203021,0.19204990862075408
8.0,1.6600000000000001,1.2469885482669856,0.1901389801015205
8.0,1.67,1.2373856038706186,0.1882470656387468
8.0,1.68,1.2278229639787712,0.18637397603940997
8.0,1.69,1.2183013110173009,0.18451952399298926
8.0,1.7,1.2088212995652896,0.18268352405273466
8.0,1.71,1.1993835570330187,0.1808657926171221
8.0,1.72,1.1899886843259604,0.17906614791149322
8.0,1.73,1.1806372564950263,0.17728440996987782
8.0,1.74,1.1713298233733254,0.17552040061699686
8.0,1.75,1.1620669101996761,0.17377394345044514
8.0,1.76,1.1528490182291102,0.17204486382305054
8.0,1.77,1.143676625330608,0.17033298882540943
8.0,1.78,1.1345501865723007,0.1686381472685955
8.0,1.79,1.1254701347943659,0.1669601696670407
8.0,1.8,1.1164368811698513,0.16529888822158653
8.0,1.81,1.1074508157536456,0.16365413680270405
8.0,1.82,1.098512308019821,0.16202575093388075
8.0,1.83,1.0896217073875667,0.16041356777517274
8.0,1.84,1.0807793437359225,0.15881742610692068
8.0,1.85,1.0719855279075334,0.1572371663136276
8.0,1.86,1.063240552201624,0.1556726303679973
8.0,1.87,1.0545446908564062,0.1541236618151314
8.0,1.8800000000000001,1.0458982005211175,0.15259010575688386
8.0,1.8900000000000001,1.0373013207178883,0.15107180883637084
8.0,1.9000000000000001,1.0287542742936386,0.14956861922263504
8.0,1.9100000000000001,1.0202572678621924,0.14808038659546244
8.0,1.92,1.0118104922367988,0.14660696213035015
8.0,1.93,1.0034141228532476,0.14514819848362373
8.0,1.94,0.9950683201837688,0.14370394977770293
8.0,1.95,0.9867732301418786,0.1422740715865136
8.0,1.96,0.9785289844783709,0.140858420921045
8.0,1.97,0.9703357011686118,0.13945685621505094
8.0,1.98,0.9621934847913144,0.13806923731089282
8.0,1.99,0.9541024268989651,0.13669542544552385
8.0,2.0,0.9460626063800598,0.1353352832366127
8.0,2.0100000000000002,0.938074089813315,0.13398867466880493
8.0,2.02,0.9301369318140205,0.13265546508012172
8.0,2.0300000000000002,0.9222511753726743,0.13133552114849303
8.0,2.04,0.9144168521860734,0.1300287108784259
8.0,2.05,0.906633982980992,0.12873490358780423
8.0,2.06,0.8989025778306132,0.12745396989482075
8.0,2.07,0.8912226364638471,0.12618578170503877
8.0,2.08,0.8835941485676855,0.12493021219858241
8.0,2.09,0.8760170940827307,0.12368713581745483
8.0,2.1,0.8684914434920367,0.1224564282529819
8.0,2.11,0.8610171581034023,0.12123796643338168
8.0,2.12,0.85359419032524,0.12003162851145673
8.0,2.13,0.8462224839361643,0.11883729385240965
8.0,2.14,0.8389019743484131,0.11765484302177918
8.0,2.15,0.8316325888652413,0.11648415777349697
8.0,2.16,0.8244142469323991,0.11532512103806251
8.0,2.17,0.8172468603838248,0.1141776169108365
8.0,2.18,0.8101303336816637,0.11304153064044985
8.0,2.19,0.8030645641507375,0.11191674861732888
8.0,2.2,0.7960494422075691,0.11080315836233387
8.0,2.21,0.7890848515840854,0.10970064851551141
8.0,2.22,0.7821706695460985,0.10860910882495796
8.0,2.23,0.7753067671066833,0.10752843013579495
8.0,2.24,0.7684930092345464,0.1064585043792528
8.0,2.25,0.7617292550575007,0.10539922456186433
8.0,2.2600000000000002,0.7550153580611407,0.104350484754765
8.0,2.27,0.7483511662828232,0.1033121800831002
8.0,2.2800000000000002,0.7417365225010453,0.10228420671553744
8.0,2.29,0.735171264420325,0.1012664618538834
8.0,2.3000000000000003,0.7286552248516689,0.1002588437228037
8.0,2.31,0.7221882318887277,0.09926125155964566
8.0,2.32,0.7157701090797259,0.09827358560436154
8.0,2.33,0.7094006755952533,0.09729574708953276
8.0,2.34,0.7030797463920135,0.09632763823049303
8.0,2.35,0.696807132372601,0.09536916221554961
8.0,2.36,0.6905826405414083,0.09442022319630235
8.0,2.37,0.6844060741567285,0.09348072627805847
8.0,2.38,0.6782772328791463,0.09255057751034329
8.0,2.39,0.6721959129162888,0.09162968387750484
8.0,2.4,0.666161907164019,0.09071795328941251
8.0,2.41,0.6601750053441422,0.08981529457224763
8.0,2.42,0.6542349941387066,0.08892161745938634
8.0,2.43,0.6483416573209644,0.08803683258237255
8.0,2.44,0.6424947758830704,0.0871608514619813
8.0,2.45,0.6366941281605826,0.0862935864993705
8.0,2.46,0.6309394899538414,0.08543495096732123
8.0,2.47,0.6252306346462849,0.08458485900156469
8.0,2.48,0.6195673333197752,0.08374322559219596
8.0,2.49,0.6139493548669946,0.08290996657517266
8.0,2.5,0.6083764661009792,0.0820849986238988
8.0,2.5100000000000002,0.6028484318618457,0.08126823924089167
8.0,2.52,0.5973650151207835,0.08045960674953244
8.0,2.5300000000000002,0.5919259770813566,0.07965902028589801
8.0,2.54,0.5865310772781894,0.07886639979067495
8.0,2.5500000000000003,0.58118007367308,0.07808166600115313
8.0,2.56,0.5758727227486088,0.07730474044329974
8.0,2.57,0.570608779599287,0.07653554542391151
8.0,2.58,0.5653879980203074,0.07577400402284548
8.0,2.59,0.5602101305939451,0.07502004008532698
8.0,2.6,0.5550749287736615,0.07427357821433388
8.0,2.61,0.5499821429659627,0.0735345437630571
8.0,2.62,0.54493152261006,0.07280286282743559
8.0,2.63,0.539922816255385,0.0720784622387661
8.0,2.64,0.5349557716370014,0.07136126955638605
8.0,2.65,0.5300301357489664,0.0706512130604296
8.0,2.66,0.5251456549156804,0.06994822174465536
8.0,2.67,0.5203020748612781,0.069252225309346
8.0,2.68,0.5154991407770961,0.06856315415427791
8.0,2.69,0.5107365973872677,0.06788093937176144
8.0,2.7,0.5060141890124799,0.06720551273974976
8.0,2.71,0.5013316596319413,0.06653680671501686
8.0,2.72,0.49668875294359377,0.06587475442640295
8.0,2.73,0.4920852124226139,0.06521928966812753
8.0,2.74,0.4875207813782371,0.06457034689316847
8.0,2.75,0.4829952030089488,0.06392786120670757
8.0,2.7600000000000002,0.4785082204560718,0.0632917683596407
8.0,2.77,0.47405957685579553,0.06266200474215315
8.0,2.7800000000000002,0.4696490153896732,0.06203850737735829
8.0,2.79,0.4652762793336303,0.06142121391500013
8.0,2.8000000000000003,0.4609411121055116,0.06081006262521795
8.0,2.81,0.45664325731120603,0.06020499239237354
8.0,2.82,0.4523824587893765,0.05960594270893937
8.0,2.83,0.44815846065483134,0.05901285366944784
8.0,2.84,0.44397100734056727,0.05842566596450083
8.0,2.85,0.4398198436385121,0.057844320874838456
8.0,2.86,0.43570471473900296,0.05726876026546736
8.0,2.87,0.4316253662690211,0.0566989265798469
8.0,2.88,0.4275815443292227,0.056134762834133725
8.0,2.89,0.4235729955297832,0.05557621261148306
8.0,2.9,0.4195994670250919,0.05502322005640723
8.0,2.91,0.4156607065473156,0.05447572986918986
8.0,2.92,0.41175646243886643,0.05393368730035602
8.0,2.93,0.4078864836837919,0.053397038145197084
8.0,2.94,0.40405051993811764,0.05286572873835037
8.0,2.95,0.4002483215591656,0.05233970594843238
8.0,2.96,0.3964796396338725,0.05181891717272583
8.0,2.97,0.3927442260061319,0.05130331033191911
8.0,2.98,0.389041833303185,0.0507928338648985
8.0,2.99,0.3853722149610789,0.050287436723591865
8.0,3.0,0.3817351252492204,0.049787068367863944
8.0,3.0100000000000002,0.3781303192940411,0.04929167876046215
8.0,3.02,0.3745575531018013,0.04880121836201296
8.0,3.0300000000000002,0.37101658358054634,0.04831563812606777
8.0,3.04,0.36750716856124493,0.04783488949419837
8.0,3.0500000000000003,0.36402906681811975,0.04735892439114091
8.0,3.06,0.3605820380881985,0.046887695219988486
8.0,3.0700000000000003,0.35716584309009775,0.04642115485743125
8.0,3.08,0.3537802435420644,0.045959256649044204
8.0,3.09,0.35042500217928735,0.04550195440462157
8.0,3.1,0.34709988277050163,0.0450492023935578
8.0,3.11,0.3438046501339018,0.044600955340274535
8.0,3.12,0.340539070152378,0.04415716841969286
8.0,3.13,0.337302909788099,0.04371779725275094
8.0,3.14,0.3340959370964502,0.043282797901965896
8.0,3.15,0.33091792123934943,0.04285212686704019
8.0,3.16,0.3277686324979522,0.042425741080511385
8.0,3.17,0.3246478422847644,0.04200359790344555
8.0,3.18,0.32155532315517515,0.04158565512117316
8.0,3.19,0.3184908488184274,0.04117187093906774
8.0,3.2,0.315454194148037,0.04076220397836621
8.0,3.21,0.31244513519167866,0.04035661327203115
8.0,3.22,0.3094634491805488,0.039955058260653896
8.0,3.23,0.30650891453822193,0.039557498788398725
8.0,3.24,0.3035813108890097,0.039163895098987066
8.0,3.25,0.30068041906584136,0.03877420783172201
8.0,3.2600000000000002,0.29780602111767246,0.038388398017552054
8.0,3.27,0.294957900316438,0.038006427075174314
8.0,3.2800000000000002,0.2921358411635591,0.0376282568071762
8.0,3.29,0.2893396293960199,0.03725384939621581
8.0,3.3000000000000003,0.2865690519920189,0.036883167401239994
8.0,3.31,0.28382389717621365,0.0365161737537404
8.0,3.3200000000000003,0.28110395442456354,0.03615283175404641
8.0,3.33,0.27840901446878685,0.0357931050676553
8.0,3.34,0.2757388693004383,0.03543695772159864
8.0,3.35,0.27309331217461863,0.035084354100845025
8.0,3.36,0.2704721376133293,0.03473525894473856
8.0,3.37,0.2678751414084771,0.03438963734347271
8.0,3.38,0.2653021206245423,0.034047454734599344
8.0,3.39,0.26275287360091776,0.033708676899572396
8.0,3.4,0.2602271999539295,0.03337326996032608
8.0,3.41,0.25772490057854563,0.03304120037588693
8.0,3.42,0.25524577764978607,0.03271243493901982
8.0,3.43,0.2527896346238363,0.03238694077290704
8.0,3.44,0.25035627623888057,0.03206468532786077
8.0,3.45,0.2479455085156553,0.03174563637806794
8.0,3.46,0.24555713875773616,0.03142976201836771
8.0,3.47,0.24319097555156452,0.03111703066106086
8.0,3.48,0.24084682876622118,0.030807411032751076
8.0,3.49,0.23852450955295426,0.030500872171217483
8.0,3.5,0.2362238303444705,0.0301973834223185
8.0,3.5100000000000002,0.23394460485399413,0.029896914436926308
8.0,3.52,0.2316866480741035,0.029599435167892
8.0,3.5300000000000002,0.2294497762753499,0.029304915867040746
8.0,3.54,0.22723380700466628,0.029013327082197053
8.0,3.5500000000000003,0.22503855908357204,0.028724639654239423
8.0,3.56,0.22286385260618086,0.028438824714184505
8.0,3.5700000000000003,0.22070950893701657,0.028155853680300096
8.0,3.58,0.21857535070864478,0.027875698255247015
8.0,3.59,0.21646120181912426,0.027598330423249287
8.0,3.6,0.21436688742928545,0.02732372244729256
8.0,3.61,0.21229223395984162,0.027051846866350416
8.0,3.62,0.21023706908833611,0.026782676492638175
8.0,3.63,0.20820122174593475,0.02651618440889418
8.0,3.64,0.2061845221140647,0.02625234396568796
8.0,3.65,0.2041868016209083,0.025991128778755347
8.0,3.66,0.20220789293775387,0.02573251272635994
8.0,3.67,0.20024762997521187,0.025476469946681016
8.0,3.68,0.19830584787929637,0.025222974835227212
8.0,3.69,0.19638238302738245,0.024972002042276155
8.0,3.7,0.19447707302403827,0.024723526470339388
8.0,3.71,0.19258975669674078,0.02447752327165267
8.0,3.72,0.19072027409147607,0.024233967845691113
8.0,3.73,0.1888684664682312,0.023992835836709175
8.0,3.74,0.18703417629637945,0.023754103131304997
8.0,3.75,0.18521724724996505,0.023517745856009107
8.0,3.7600000000000002,0.18341752420288926,0.023283740374897
8.0,3.77,0.18163485322400313,0.02305206328722557
8.0,3.7800000000000002,0.17986908157211012,0.02282269142509297
8.0,3.79,0.17812005769088282,0.022595601851121864
8.0,3.8000000000000003,0.17638763120369516,0.02237077185616559
8.0,3.81,0.174671652908377,0.022148178957037315
8.0,3.8200000000000003,0.1729719747718917,0.02192780089426161
8.0,3.83,0.17128844992494108,0.02170961562984857
8.0,3.84,0.16962093265650063,0.021493601345089923
8.0,3.85,0.1679692784082884,0.02127973643837717
8.0,3.86,0.16633334376917097,0.021067999523041434
8.0,3.87,0.1647129864695079,0.02085836942521472
8.0,3.88,0.16310806537543981,0.020650825181712566
8.0,3.89,0.1615184404831206,0.020445346037937653
8.0,3.9,0.15994397291289889,0.02024191144580439
8.0,3.91,0.1583845249034489,0.020040501061684014
8.0,3.92,0.15683995980585577,0.019841094744370288
8.0,3.93,0.15531014207765587,0.019643672553065292
8.0,3.94,0.15379493727683594,0.01944821474538539
8.0,3.95,0.1522942120557927,0.01925470177538692
8.0,3.96,0.15080783415525573,0.019063114291611637
8.0,3.97,0.1493356723981752,0.018873433135151486
8.0,3.98,0.14787759668357806,0.018685639337732773
8.0,3.99,0.1464334779803931,0.018499714119819242
8.0,4.0,0.1450031883212483,0.01831563888873418
